"module name","license","repository"
"abab@1.0.3","ISC","https://github.com/jsdom/abab"
"abab@1.0.4","ISC","https://github.com/jsdom/abab"
"abbrev@1.0.9","ISC","https://github.com/isaacs/abbrev-js"
"accepts@1.3.3","MIT","https://github.com/jshttp/accepts"
"acorn-globals@1.0.9","MIT","https://github.com/ForbesLindesay/acorn-globals"
"acorn-globals@3.1.0","MIT","https://github.com/ForbesLindesay/acorn-globals"
"acorn-jsx@3.0.1","MIT","https://github.com/RReverser/acorn-jsx"
"acorn@2.7.0","MIT","https://github.com/ternjs/acorn"
"acorn@3.3.0","MIT","https://github.com/ternjs/acorn"
"acorn@4.0.13","MIT","https://github.com/ternjs/acorn"
"acorn@5.1.2","MIT","https://github.com/ternjs/acorn"
"ajv-keywords@1.5.1","MIT","https://github.com/epoberezkin/ajv-keywords"
"ajv-keywords@2.1.0","MIT","https://github.com/epoberezkin/ajv-keywords"
"ajv@4.11.8","MIT","https://github.com/epoberezkin/ajv"
"ajv@5.3.0","MIT","https://github.com/epoberezkin/ajv"
"align-text@0.1.4","MIT","https://github.com/jonschlinkert/align-text"
"alphanum-sort@1.0.2","MIT","https://github.com/TrySound/alphanum-sort"
"amdefine@1.0.1","BSD-3-Clause OR MIT","https://github.com/jrburke/amdefine"
"ansi-escapes@1.4.0","MIT","https://github.com/sindresorhus/ansi-escapes"
"ansi-escapes@3.0.0","MIT","https://github.com/sindresorhus/ansi-escapes"
"ansi-html@0.0.5","Apache*","https://github.com/Tjatse/ansi-html"
"ansi-regex@2.0.0","MIT","https://github.com/sindresorhus/ansi-regex"
"ansi-regex@3.0.0","MIT","https://github.com/chalk/ansi-regex"
"ansi-styles@2.2.1","MIT","https://github.com/chalk/ansi-styles"
"ansi-styles@3.2.0","MIT","https://github.com/chalk/ansi-styles"
"ansicolors@0.2.1","MIT","https://github.com/thlorenz/ansicolors"
"anymatch@1.3.0","ISC","https://github.com/es128/anymatch"
"append-transform@0.3.0","MIT","https://github.com/jamestalmage/append-transform"
"append-transform@0.4.0","MIT","https://github.com/jamestalmage/append-transform"
"aproba@1.0.4","ISC","https://github.com/iarna/aproba"
"are-we-there-yet@1.1.2","ISC","https://github.com/iarna/are-we-there-yet"
"argparse@1.0.9","MIT","https://github.com/nodeca/argparse"
"arr-diff@2.0.0","MIT","https://github.com/jonschlinkert/arr-diff"
"arr-flatten@1.0.1","MIT","https://github.com/jonschlinkert/arr-flatten"
"array-differ@1.0.0","MIT","https://github.com/sindresorhus/array-differ"
"array-equal@1.0.0","MIT","https://github.com/component/array-equal"
"array-flatten@1.1.1","MIT","https://github.com/blakeembrey/array-flatten"
"array-includes@3.0.3","MIT","https://github.com/ljharb/array-includes"
"array-union@1.0.2","MIT","https://github.com/sindresorhus/array-union"
"array-uniq@1.0.3","MIT","https://github.com/sindresorhus/array-uniq"
"array-unique@0.2.1","MIT","https://github.com/jonschlinkert/array-unique"
"arrify@1.0.1","MIT","https://github.com/sindresorhus/arrify"
"asap@2.0.5","MIT","https://github.com/kriskowal/asap"
"asn1@0.2.3","MIT","https://github.com/mcavage/node-asn1"
"assert-plus@0.2.0","MIT","https://github.com/mcavage/node-assert-plus"
"assert-plus@1.0.0","MIT","https://github.com/mcavage/node-assert-plus"
"assert@1.4.1","MIT","https://github.com/defunctzombie/commonjs-assert"
"async-each@1.0.1","MIT","https://github.com/paulmillr/async-each"
"async@0.2.10","MIT","https://github.com/caolan/async"
"async@0.9.2","MIT","https://github.com/caolan/async"
"async@1.5.2","MIT","https://github.com/caolan/async"
"async@2.1.4","MIT","https://github.com/caolan/async"
"asynckit@0.4.0","MIT","https://github.com/alexindigo/asynckit"
"autoprefixer@6.5.1","MIT","https://github.com/postcss/autoprefixer"
"autoprefixer@6.6.0","MIT","https://github.com/postcss/autoprefixer"
"aws-sign2@0.6.0","Apache-2.0","https://github.com/mikeal/aws-sign"
"aws4@1.4.1","MIT","https://github.com/mhart/aws4"
"aws4@1.5.0","MIT","https://github.com/mhart/aws4"
"babel-code-frame@6.20.0","MIT","https://github.com/babel/babel/tree/master/packages/babel-code-frame"
"babel-code-frame@6.26.0","MIT","https://github.com/babel/babel/tree/master/packages/babel-code-frame"
"babel-code-frame@7.0.0-beta.0","MIT","https://github.com/babel/babel/tree/master/packages/babel-code-frame"
"babel-core@6.17.0","MIT","https://github.com/babel/babel/tree/master/packages/babel-core"
"babel-core@6.21.0","MIT","https://github.com/babel/babel/tree/master/packages/babel-core"
"babel-eslint@7.1.1","MIT","https://github.com/babel/babel-eslint"
"babel-eslint@8.0.1","MIT","https://github.com/babel/babel-eslint"
"babel-generator@6.21.0","MIT","https://github.com/babel/babel/tree/master/packages/babel-generator"
"babel-helper-builder-binary-assignment-operator-visitor@6.18.0","MIT","https://github.com/babel/babel/tree/master/packages/babel-helper-builder-binary-assignment-operator-visitor"
"babel-helper-builder-react-jsx@6.21.1","MIT","https://github.com/babel/babel/tree/master/packages/babel-helper-builder-react-jsx"
"babel-helper-builder-react-jsx@6.26.0","MIT","https://github.com/babel/babel/tree/master/packages/babel-helper-builder-react-jsx"
"babel-helper-call-delegate@6.18.0","MIT","https://github.com/babel/babel/tree/master/packages/babel-helper-call-delegate"
"babel-helper-call-delegate@6.24.1","MIT","https://github.com/babel/babel/tree/master/packages/babel-helper-call-delegate"
"babel-helper-define-map@6.18.0","MIT","https://github.com/babel/babel/tree/master/packages/babel-helper-define-map"
"babel-helper-define-map@6.26.0","MIT","https://github.com/babel/babel/tree/master/packages/babel-helper-define-map"
"babel-helper-explode-assignable-expression@6.18.0","MIT","https://github.com/babel/babel/tree/master/packages/babel-helper-explode-assignable-expression"
"babel-helper-function-name@6.18.0","MIT","https://github.com/babel/babel/tree/master/packages/babel-helper-function-name"
"babel-helper-function-name@6.24.1","MIT","https://github.com/babel/babel/tree/master/packages/babel-helper-function-name"
"babel-helper-function-name@7.0.0-beta.0","MIT","https://github.com/babel/babel/tree/master/packages/babel-helper-function-name"
"babel-helper-get-function-arity@6.18.0","MIT","https://github.com/babel/babel/tree/master/packages/babel-helper-get-function-arity"
"babel-helper-get-function-arity@6.24.1","MIT","https://github.com/babel/babel/tree/master/packages/babel-helper-get-function-arity"
"babel-helper-get-function-arity@7.0.0-beta.0","MIT","https://github.com/babel/babel/tree/master/packages/babel-helper-get-function-arity"
"babel-helper-hoist-variables@6.18.0","MIT","https://github.com/babel/babel/tree/master/packages/babel-helper-hoist-variables"
"babel-helper-hoist-variables@6.24.1","MIT","https://github.com/babel/babel/tree/master/packages/babel-helper-hoist-variables"
"babel-helper-optimise-call-expression@6.18.0","MIT","https://github.com/babel/babel/tree/master/packages/babel-helper-optimise-call-expression"
"babel-helper-optimise-call-expression@6.24.1","MIT","https://github.com/babel/babel/tree/master/packages/babel-helper-optimise-call-expression"
"babel-helper-regex@6.18.0","MIT","https://github.com/babel/babel/tree/master/packages/babel-helper-regex"
"babel-helper-regex@6.26.0","MIT","https://github.com/babel/babel/tree/master/packages/babel-helper-regex"
"babel-helper-remap-async-to-generator@6.20.3","MIT","https://github.com/babel/babel/tree/master/packages/babel-helper-remap-async-to-generator"
"babel-helper-replace-supers@6.18.0","MIT","https://github.com/babel/babel/tree/master/packages/babel-helper-replace-supers"
"babel-helper-replace-supers@6.24.1","MIT","https://github.com/babel/babel/tree/master/packages/babel-helper-replace-supers"
"babel-helpers@6.16.0","MIT","https://github.com/babel/babel/tree/master/packages/babel-helpers"
"babel-jest@17.0.2","BSD-3-Clause","https://github.com/facebook/jest"
"babel-jest@18.0.0","BSD-3-Clause","https://github.com/facebook/jest"
"babel-jest@19.0.0","BSD-3-Clause","https://github.com/facebook/jest"
"babel-loader@6.2.7","MIT","https://github.com/babel/babel-loader"
"babel-messages@6.23.0","MIT","https://github.com/babel/babel/tree/master/packages/babel-messages"
"babel-messages@6.8.0","MIT","https://github.com/babel/babel/tree/master/packages/babel-messages"
"babel-messages@7.0.0-beta.0","MIT","https://github.com/babel/babel/tree/master/packages/babel-messages"
"babel-plugin-check-es2015-constants@6.22.0","MIT","https://github.com/babel/babel/tree/master/packages/babel-plugin-check-es2015-constants"
"babel-plugin-check-es2015-constants@6.8.0","MIT","https://github.com/babel/babel/tree/master/packages/babel-plugin-check-es2015-constants"
"babel-plugin-istanbul@2.0.3","BSD-3-Clause","https://github.com/istanbuljs/babel-plugin-istanbul"
"babel-plugin-istanbul@3.1.2","BSD-3-Clause","https://github.com/istanbuljs/babel-plugin-istanbul"
"babel-plugin-istanbul@4.1.5","BSD-3-Clause","https://github.com/istanbuljs/babel-plugin-istanbul"
"babel-plugin-jest-hoist@17.0.2","BSD-3-Clause","https://github.com/facebook/jest"
"babel-plugin-jest-hoist@18.0.0","BSD-3-Clause","https://github.com/facebook/jest"
"babel-plugin-jest-hoist@19.0.0","BSD-3-Clause","https://github.com/facebook/jest"
"babel-plugin-syntax-async-functions@6.13.0","MIT","https://github.com/babel/babel/tree/master/packages/babel-plugin-syntax-async-functions"
"babel-plugin-syntax-class-properties@6.13.0","MIT","https://github.com/babel/babel/tree/master/packages/babel-plugin-syntax-class-properties"
"babel-plugin-syntax-exponentiation-operator@6.13.0","MIT","https://github.com/babel/babel/tree/master/packages/babel-plugin-syntax-exponentation-operator"
"babel-plugin-syntax-flow@6.18.0","MIT","https://github.com/babel/babel/tree/master/packages/babel-plugin-syntax-flow"
"babel-plugin-syntax-jsx@6.18.0","MIT","https://github.com/babel/babel/tree/master/packages/babel-plugin-syntax-jsx"
"babel-plugin-syntax-object-rest-spread@6.13.0","MIT","https://github.com/babel/babel/tree/master/packages/babel-plugin-syntax-object-rest-spread"
"babel-plugin-syntax-trailing-function-commas@6.20.0","MIT","https://github.com/babel/babel/tree/master/packages/babel-plugin-syntax-trailing-function-commas"
"babel-plugin-transform-async-to-generator@6.16.0","MIT","https://github.com/babel/babel/tree/master/packages/babel-plugin-transform-async-to-generator"
"babel-plugin-transform-class-properties@6.16.0","MIT","https://github.com/babel/babel/tree/master/packages/babel-plugin-transform-class-properties"
"babel-plugin-transform-es2015-arrow-functions@6.22.0","MIT","https://github.com/babel/babel/tree/master/packages/babel-plugin-transform-es2015-arrow-functions"
"babel-plugin-transform-es2015-arrow-functions@6.8.0","MIT","https://github.com/babel/babel/tree/master/packages/babel-plugin-transform-es2015-arrow-functions"
"babel-plugin-transform-es2015-block-scoped-functions@6.22.0","MIT","https://github.com/babel/babel/tree/master/packages/babel-plugin-transform-es2015-block-scoped-functions"
"babel-plugin-transform-es2015-block-scoped-functions@6.8.0","MIT","https://github.com/babel/babel/tree/master/packages/babel-plugin-transform-es2015-block-scoped-functions"
"babel-plugin-transform-es2015-block-scoping@6.21.0","MIT","https://github.com/babel/babel/tree/master/packages/babel-plugin-transform-es2015-block-scoping"
"babel-plugin-transform-es2015-block-scoping@6.26.0","MIT","https://github.com/babel/babel/tree/master/packages/babel-plugin-transform-es2015-block-scoping"
"babel-plugin-transform-es2015-classes@6.18.0","MIT","https://github.com/babel/babel/tree/master/packages/babel-plugin-transform-es2015-classes"
"babel-plugin-transform-es2015-classes@6.24.1","MIT","https://github.com/babel/babel/tree/master/packages/babel-plugin-transform-es2015-classes"
"babel-plugin-transform-es2015-computed-properties@6.24.1","MIT","https://github.com/babel/babel/tree/master/packages/babel-plugin-transform-es2015-computed-properties"
"babel-plugin-transform-es2015-computed-properties@6.8.0","MIT","https://github.com/babel/babel/tree/master/packages/babel-plugin-transform-es2015-computed-properties"
"babel-plugin-transform-es2015-destructuring@6.19.0","MIT","https://github.com/babel/babel/tree/master/packages/babel-plugin-transform-es2015-destructuring"
"babel-plugin-transform-es2015-destructuring@6.23.0","MIT","https://github.com/babel/babel/tree/master/packages/babel-plugin-transform-es2015-destructuring"
"babel-plugin-transform-es2015-duplicate-keys@6.24.1","MIT","https://github.com/babel/babel/tree/master/packages/babel-plugin-transform-es2015-duplicate-keys"
"babel-plugin-transform-es2015-duplicate-keys@6.8.0","MIT","https://github.com/babel/babel/tree/master/packages/babel-plugin-transform-es2015-duplicate-keys"
"babel-plugin-transform-es2015-for-of@6.18.0","MIT","https://github.com/babel/babel/tree/master/packages/babel-plugin-transform-es2015-for-of"
"babel-plugin-transform-es2015-for-of@6.23.0","MIT","https://github.com/babel/babel/tree/master/packages/babel-plugin-transform-es2015-for-of"
"babel-plugin-transform-es2015-function-name@6.24.1","MIT","https://github.com/babel/babel/tree/master/packages/babel-plugin-transform-es2015-function-name"
"babel-plugin-transform-es2015-function-name@6.9.0","MIT","https://github.com/babel/babel/tree/master/packages/babel-plugin-transform-es2015-function-name"
"babel-plugin-transform-es2015-literals@6.22.0","MIT","https://github.com/babel/babel/tree/master/packages/babel-plugin-transform-es2015-literals"
"babel-plugin-transform-es2015-literals@6.8.0","MIT","https://github.com/babel/babel/tree/master/packages/babel-plugin-transform-es2015-literals"
"babel-plugin-transform-es2015-modules-amd@6.18.0","MIT","https://github.com/babel/babel/tree/master/packages/babel-plugin-transform-es2015-modules-amd"
"babel-plugin-transform-es2015-modules-amd@6.24.1","MIT","https://github.com/babel/babel/tree/master/packages/babel-plugin-transform-es2015-modules-amd"
"babel-plugin-transform-es2015-modules-commonjs@6.18.0","MIT","https://github.com/babel/babel/tree/master/packages/babel-plugin-transform-es2015-modules-commonjs"
"babel-plugin-transform-es2015-modules-commonjs@6.26.0","MIT","https://github.com/babel/babel/tree/master/packages/babel-plugin-transform-es2015-modules-commonjs"
"babel-plugin-transform-es2015-modules-systemjs@6.19.0","MIT","https://github.com/babel/babel/tree/master/packages/babel-plugin-transform-es2015-modules-systemjs"
"babel-plugin-transform-es2015-modules-systemjs@6.24.1","MIT","https://github.com/babel/babel/tree/master/packages/babel-plugin-transform-es2015-modules-systemjs"
"babel-plugin-transform-es2015-modules-umd@6.18.0","MIT","https://github.com/babel/babel/tree/master/packages/babel-plugin-transform-es2015-modules-umd"
"babel-plugin-transform-es2015-modules-umd@6.24.1","MIT","https://github.com/babel/babel/tree/master/packages/babel-plugin-transform-es2015-modules-umd"
"babel-plugin-transform-es2015-object-super@6.24.1","MIT","https://github.com/babel/babel/tree/master/packages/babel-plugin-transform-es2015-object-super"
"babel-plugin-transform-es2015-object-super@6.8.0","MIT","https://github.com/babel/babel/tree/master/packages/babel-plugin-transform-es2015-object-super"
"babel-plugin-transform-es2015-parameters@6.18.0","MIT","https://github.com/babel/babel/tree/master/packages/babel-plugin-transform-es2015-parameters"
"babel-plugin-transform-es2015-parameters@6.21.0","MIT","https://github.com/babel/babel/tree/master/packages/babel-plugin-transform-es2015-parameters"
"babel-plugin-transform-es2015-parameters@6.24.1","MIT","https://github.com/babel/babel/tree/master/packages/babel-plugin-transform-es2015-parameters"
"babel-plugin-transform-es2015-shorthand-properties@6.18.0","MIT","https://github.com/babel/babel/tree/master/packages/babel-plugin-transform-es2015-shorthand-properties"
"babel-plugin-transform-es2015-shorthand-properties@6.24.1","MIT","https://github.com/babel/babel/tree/master/packages/babel-plugin-transform-es2015-shorthand-properties"
"babel-plugin-transform-es2015-spread@6.22.0","MIT","https://github.com/babel/babel/tree/master/packages/babel-plugin-transform-es2015-spread"
"babel-plugin-transform-es2015-spread@6.8.0","MIT","https://github.com/babel/babel/tree/master/packages/babel-plugin-transform-es2015-spread"
"babel-plugin-transform-es2015-sticky-regex@6.24.1","MIT","https://github.com/babel/babel/tree/master/packages/babel-plugin-transform-es2015-sticky-regex"
"babel-plugin-transform-es2015-sticky-regex@6.8.0","MIT","https://github.com/babel/babel/tree/master/packages/babel-plugin-transform-es2015-sticky-regex"
"babel-plugin-transform-es2015-template-literals@6.22.0","MIT","https://github.com/babel/babel/tree/master/packages/babel-plugin-transform-es2015-template-literals"
"babel-plugin-transform-es2015-template-literals@6.8.0","MIT","https://github.com/babel/babel/tree/master/packages/babel-plugin-transform-es2015-template-literals"
"babel-plugin-transform-es2015-typeof-symbol@6.18.0","MIT","https://github.com/babel/babel/tree/master/packages/babel-plugin-transform-es2015-typeof-symbol"
"babel-plugin-transform-es2015-typeof-symbol@6.23.0","MIT","https://github.com/babel/babel/tree/master/packages/babel-plugin-transform-es2015-typeof-symbol"
"babel-plugin-transform-es2015-unicode-regex@6.11.0","MIT","https://github.com/babel/babel/tree/master/packages/babel-plugin-transform-es2015-unicode-regex"
"babel-plugin-transform-es2015-unicode-regex@6.24.1","MIT","https://github.com/babel/babel/tree/master/packages/babel-plugin-transform-es2015-unicode-regex"
"babel-plugin-transform-exponentiation-operator@6.8.0","MIT","https://github.com/babel/babel/tree/master/packages/babel-plugin-transform-exponentiation-operator"
"babel-plugin-transform-flow-strip-types@6.21.0","MIT","https://github.com/babel/babel/tree/master/packages/babel-plugin-transform-flow-strip-types"
"babel-plugin-transform-flow-strip-types@6.22.0","MIT","https://github.com/babel/babel/tree/master/packages/babel-plugin-transform-flow-strip-types"
"babel-plugin-transform-object-rest-spread@6.19.0","MIT","https://github.com/babel/babel/tree/master/packages/babel-plugin-transform-object-rest-spread"
"babel-plugin-transform-react-constant-elements@6.9.1","MIT","https://github.com/babel/babel/tree/master/packages/babel-plugin-transform-react-constant-elements"
"babel-plugin-transform-react-display-name@6.25.0","MIT","https://github.com/babel/babel/tree/master/packages/babel-plugin-transform-react-display-name"
"babel-plugin-transform-react-display-name@6.8.0","MIT","https://github.com/babel/babel/tree/master/packages/babel-plugin-transform-display-name"
"babel-plugin-transform-react-jsx-self@6.11.0","MIT","https://github.com/babel/babel/tree/master/packages/babel-plugin-transform-react-jsx-self"
"babel-plugin-transform-react-jsx-self@6.22.0","MIT","https://github.com/babel/babel/tree/master/packages/babel-plugin-transform-react-jsx-self"
"babel-plugin-transform-react-jsx-source@6.22.0","MIT","https://github.com/babel/babel/tree/master/packages/babel-plugin-transform-react-jsx-source"
"babel-plugin-transform-react-jsx-source@6.9.0","MIT","https://github.com/babel/babel/tree/master/packages/babel-plugin-transform-react-jsx-source"
"babel-plugin-transform-react-jsx@6.24.1","MIT","https://github.com/babel/babel/tree/master/packages/babel-plugin-transform-react-jsx"
"babel-plugin-transform-react-jsx@6.8.0","MIT","https://github.com/babel/babel/tree/master/packages/babel-plugin-transform-jsx"
"babel-plugin-transform-regenerator@6.16.1","BSD*","https://github.com/babel/babel/tree/master/packages/babel-plugin-transform-regenerator"
"babel-plugin-transform-regenerator@6.21.0","MIT","https://github.com/babel/babel/tree/master/packages/babel-plugin-transform-regenerator"
"babel-plugin-transform-regenerator@6.26.0","MIT","https://github.com/babel/babel/tree/master/packages/babel-plugin-transform-regenerator"
"babel-plugin-transform-runtime@6.15.0","MIT","https://github.com/babel/babel/tree/master/packages/babel-plugin-transform-runtime"
"babel-plugin-transform-strict-mode@6.18.0","MIT","https://github.com/babel/babel/tree/master/packages/babel-plugin-transform-strict-mode"
"babel-plugin-transform-strict-mode@6.24.1","MIT","https://github.com/babel/babel/tree/master/packages/babel-plugin-transform-strict-mode"
"babel-preset-env@0.0.8","MIT","https://github.com/babel/babel-preset-env"
"babel-preset-es2015@6.18.0","MIT","https://github.com/babel/babel/tree/master/packages/babel-preset-es2015"
"babel-preset-es2015@6.24.1","MIT","https://github.com/babel/babel/tree/master/packages/babel-preset-es2015"
"babel-preset-es2016@6.16.0","MIT","https://github.com/babel/babel/tree/master/packages/babel-preset-es2016"
"babel-preset-es2017@6.16.0","MIT","https://github.com/babel/babel/tree/master/packages/babel-preset-es2017"
"babel-preset-flow@6.23.0","MIT","https://github.com/babel/babel/tree/master/packages/babel-preset-flow"
"babel-preset-jest@17.0.2","BSD-3-Clause","https://github.com/facebook/jest"
"babel-preset-jest@18.0.0","BSD-3-Clause","https://github.com/facebook/jest"
"babel-preset-jest@19.0.0","BSD-3-Clause","https://github.com/facebook/jest"
"babel-preset-latest@6.16.0","MIT","https://github.com/babel/babel/tree/master/packages/babel-preset-latest"
"babel-preset-react-app@2.0.1","BSD-3-Clause","https://github.com/facebookincubator/create-react-app"
"babel-preset-react@6.16.0","MIT","https://github.com/babel/babel/tree/master/packages/babel-preset-react"
"babel-preset-react@6.24.1","MIT","https://github.com/babel/babel/tree/master/packages/babel-preset-react"
"babel-register@6.18.0","MIT","https://github.com/babel/babel/tree/master/packages/babel-register"
"babel-runtime@6.11.6","MIT","https://github.com/babel/babel/tree/master/packages/babel-runtime"
"babel-runtime@6.20.0","MIT","https://github.com/babel/babel/tree/master/packages/babel-runtime"
"babel-runtime@6.26.0","MIT","https://github.com/babel/babel/tree/master/packages/babel-runtime"
"babel-template@6.16.0","MIT","https://github.com/babel/babel/tree/master/packages/babel-template"
"babel-template@6.26.0","MIT","https://github.com/babel/babel/tree/master/packages/babel-template"
"babel-template@7.0.0-beta.0","MIT","https://github.com/babel/babel/tree/master/packages/babel-template"
"babel-traverse@6.21.0","MIT","https://github.com/babel/babel/tree/master/packages/babel-traverse"
"babel-traverse@6.26.0","MIT","https://github.com/babel/babel/tree/master/packages/babel-traverse"
"babel-traverse@7.0.0-beta.0","MIT","https://github.com/babel/babel/tree/master/packages/babel-traverse"
"babel-types@6.21.0","MIT","https://github.com/babel/babel/tree/master/packages/babel-types"
"babel-types@6.26.0","MIT","https://github.com/babel/babel/tree/master/packages/babel-types"
"babel-types@7.0.0-beta.0","MIT","https://github.com/babel/babel/tree/master/packages/babel-types"
"babylon@6.14.1","MIT","https://github.com/babel/babylon"
"babylon@6.18.0","MIT","https://github.com/babel/babylon"
"babylon@7.0.0-beta.22","MIT","https://github.com/babel/babylon"
"balanced-match@0.4.2","MIT","https://github.com/juliangruber/balanced-match"
"balanced-match@1.0.0","MIT","https://github.com/juliangruber/balanced-match"
"base64-js@1.2.0","MIT","https://github.com/beatgammit/base64-js"
"base64url@2.0.0","MIT","https://github.com/brianloveswords/base64url"
"batch@0.5.3","MIT","https://github.com/visionmedia/batch"
"bcrypt-pbkdf@1.0.0","BSD-4-Clause",""
"big.js@3.1.3","MIT","https://github.com/MikeMcl/big.js"
"binary-extensions@1.8.0","MIT","https://github.com/sindresorhus/binary-extensions"
"bl@1.1.2","MIT","https://github.com/rvagg/bl"
"block-stream@0.0.9","ISC","https://github.com/isaacs/block-stream"
"bluebird@3.4.7","MIT","https://github.com/petkaantonov/bluebird"
"boolbase@1.0.0","ISC","https://github.com/fb55/boolbase"
"boom@2.10.1","BSD-3-Clause","https://github.com/hapijs/boom"
"brace-expansion@1.1.5","MIT","https://github.com/juliangruber/brace-expansion"
"brace-expansion@1.1.6","MIT","https://github.com/juliangruber/brace-expansion"
"brace-expansion@1.1.8","MIT","https://github.com/juliangruber/brace-expansion"
"braces@1.8.5","MIT","https://github.com/jonschlinkert/braces"
"browser-resolve@1.11.2","MIT","https://github.com/shtylman/node-browser-resolve"
"browserify-aes@0.4.0","MIT","https://github.com/calvinmetcalf/browserify-aes"
"browserify-zlib@0.1.4","MIT","https://github.com/devongovett/browserify-zlib"
"browserslist@1.4.0","MIT","https://github.com/ai/browserslist"
"browserslist@1.5.1","MIT","https://github.com/ai/browserslist"
"bser@1.0.2","Apache-2.0","https://github.com/facebook/watchman"
"bser@2.0.0","Apache-2.0","https://github.com/facebook/watchman"
"buffer-equal-constant-time@1.0.1","BSD-3-Clause","https://github.com/goinstant/buffer-equal-constant-time"
"buffer-shims@1.0.0","MIT","https://github.com/calvinmetcalf/buffer-shims"
"buffer@4.9.1","MIT","https://github.com/feross/buffer"
"builtin-modules@1.1.1","MIT","https://github.com/sindresorhus/builtin-modules"
"builtin-status-codes@2.0.0","MIT","https://github.com/bendrucker/builtin-status-codes"
"bytes@2.3.0","MIT","https://github.com/visionmedia/bytes.js"
"caller-path@0.1.0","MIT","https://github.com/sindresorhus/caller-path"
"callsites@0.2.0","MIT","https://github.com/sindresorhus/callsites"
"callsites@2.0.0","MIT","https://github.com/sindresorhus/callsites"
"camel-case@3.0.0","MIT","https://github.com/blakeembrey/camel-case"
"camelcase@1.2.1","MIT","https://github.com/sindresorhus/camelcase"
"camelcase@3.0.0","MIT","https://github.com/sindresorhus/camelcase"
"can-use-dom@0.1.0","MIT","https://github.com/akiran/can-use-dom"
"caniuse-db@1.0.30000602","CC-BY-4.0","https://github.com/Fyrd/caniuse"
"cardinal@1.0.0","MIT","https://github.com/thlorenz/cardinal"
"case-sensitive-paths-webpack-plugin@1.1.4","MIT","https://github.com/Urthen/case-sensitive-paths-webpack-plugin"
"caseless@0.11.0","Apache-2.0","https://github.com/mikeal/caseless"
"center-align@0.1.3","MIT","https://github.com/jonschlinkert/center-align"
"chalk@1.1.3","MIT","https://github.com/chalk/chalk"
"chalk@2.3.0","MIT","https://github.com/chalk/chalk"
"chokidar@1.6.1","MIT","https://github.com/paulmillr/chokidar"
"ci-info@1.0.0","MIT","https://github.com/watson/ci-info"
"circular-json@0.3.3","MIT","https://github.com/WebReflection/circular-json"
"clap@1.1.2","MIT","https://github.com/lahmatiy/clap"
"classnames@2.2.5","MIT","https://github.com/JedWatson/classnames"
"clean-css@3.4.23","MIT","https://github.com/jakubpawlowicz/clean-css"
"cli-cursor@1.0.2","MIT","https://github.com/sindresorhus/cli-cursor"
"cli-cursor@2.1.0","MIT","https://github.com/sindresorhus/cli-cursor"
"cli-table@0.3.1","MIT*","https://github.com/Automattic/cli-table"
"cli-usage@0.1.4","MIT",""
"cli-width@2.2.0","ISC","https://github.com/knownasilya/cli-width"
"cliui@2.1.0","ISC","https://github.com/bcoe/cliui"
"cliui@3.2.0","ISC","https://github.com/yargs/cliui"
"clone@1.0.2","MIT","https://github.com/pvorb/node-clone"
"co@4.6.0","MIT","https://github.com/tj/co"
"coa@1.0.1","MIT","https://github.com/veged/coa"
"code-point-at@1.0.0","MIT","https://github.com/sindresorhus/code-point-at"
"code-point-at@1.1.0","MIT","https://github.com/sindresorhus/code-point-at"
"color-convert@1.8.2","MIT","https://github.com/Qix-/color-convert"
"color-convert@1.9.0","MIT","https://github.com/Qix-/color-convert"
"color-name@1.1.1","MIT","https://github.com/dfcreative/color-name"
"color-string@0.3.0","MIT","https://github.com/harthur/color-string"
"color@0.11.4","MIT","https://github.com/Qix-/color"
"colormin@1.1.2","MIT","https://github.com/ben-eb/colormin"
"colors@1.0.3","MIT","https://github.com/Marak/colors.js"
"colors@1.1.2","MIT","https://github.com/Marak/colors.js"
"combined-stream@1.0.5","MIT","https://github.com/felixge/node-combined-stream"
"commander@2.8.1","MIT","https://github.com/tj/commander.js"
"commander@2.9.0","MIT","https://github.com/tj/commander.js"
"commondir@1.0.1","MIT","https://github.com/substack/node-commondir"
"compressible@2.0.9","MIT","https://github.com/jshttp/compressible"
"compression@1.6.2","MIT","https://github.com/expressjs/compression"
"concat-map@0.0.1","MIT","https://github.com/substack/node-concat-map"
"concat-stream@1.6.0","MIT","https://github.com/maxogden/concat-stream"
"connect-history-api-fallback@1.3.0","MIT","https://github.com/bripkens/connect-history-api-fallback"
"console-browserify@1.1.0","MIT","https://github.com/Raynos/console-browserify"
"console-control-strings@1.1.0","ISC","https://github.com/iarna/console-control-strings"
"constants-browserify@1.0.0","MIT","https://github.com/juliangruber/constants-browserify"
"contains-path@0.1.0","MIT","https://github.com/jonschlinkert/contains-path"
"content-disposition@0.5.1","MIT","https://github.com/jshttp/content-disposition"
"content-type-parser@1.0.1","WTFPL","https://github.com/jsdom/content-type-parser"
"content-type@1.0.2","MIT","https://github.com/jshttp/content-type"
"convert-source-map@1.3.0","MIT","https://github.com/thlorenz/convert-source-map"
"cookie-signature@1.0.6","MIT","https://github.com/visionmedia/node-cookie-signature"
"cookie@0.3.1","MIT","https://github.com/jshttp/cookie"
"core-js@1.2.7","MIT","https://github.com/zloirock/core-js"
"core-js@2.4.1","MIT","https://github.com/zloirock/core-js"
"core-util-is@1.0.2","MIT","https://github.com/isaacs/core-util-is"
"cosmiconfig@2.1.1","MIT","https://github.com/davidtheclark/cosmiconfig"
"create-react-class@15.6.2","MIT","https://github.com/facebook/react"
"cross-spawn@4.0.2","MIT","https://github.com/IndigoUnited/node-cross-spawn"
"cross-spawn@5.1.0","MIT","https://github.com/IndigoUnited/node-cross-spawn"
"cryptiles@2.0.5","BSD-3-Clause","https://github.com/hapijs/cryptiles"
"crypto-browserify@3.3.0","MIT","https://github.com/dominictarr/crypto-browserify"
"css-color-names@0.0.4","MIT","https://github.com/bahamas10/css-color-names"
"css-loader@0.26.0","MIT","https://github.com/webpack/css-loader"
"css-select@1.2.0","BSD*","https://github.com/fb55/css-select"
"css-selector-tokenizer@0.6.0","MIT","https://github.com/css-modules/css-selector-tokenizer"
"css-selector-tokenizer@0.7.0","MIT","https://github.com/css-modules/css-selector-tokenizer"
"css-what@2.1.0","BSD*","https://github.com/fb55/css-what"
"cssesc@0.1.0","MIT","https://github.com/mathiasbynens/cssesc"
"cssnano@3.9.1","MIT","https://github.com/ben-eb/cssnano"
"csso@2.2.1","MIT","https://github.com/css/csso"
"cssom@0.3.1","MIT","https://github.com/NV/CSSOM"
"cssom@0.3.2","MIT","https://github.com/NV/CSSOM"
"cssstyle@0.2.37","MIT","https://github.com/chad3814/CSSStyleDeclaration"
"d@0.1.1","MIT","https://github.com/medikoo/d"
"d@1.0.0","MIT","https://github.com/medikoo/d"
"damerau-levenshtein@1.0.3","BSD-2-Clause","https://github.com/lzrski/node-damerau-levenshtein"
"dashdash@1.14.0","MIT","https://github.com/trentm/node-dashdash"
"dashdash@1.14.1","MIT","https://github.com/trentm/node-dashdash"
"date-now@0.1.4","MIT","https://github.com/Colingo/date-now"
"debug@2.2.0","MIT","https://github.com/visionmedia/debug"
"debug@2.6.0","MIT","https://github.com/visionmedia/debug"
"debug@2.6.9","MIT","https://github.com/visionmedia/debug"
"debug@3.1.0","MIT","https://github.com/visionmedia/debug"
"decamelize@1.2.0","MIT","https://github.com/sindresorhus/decamelize"
"deep-diff@0.3.4","MIT","https://github.com/flitbit/diff"
"deep-extend@0.4.1","MIT","https://github.com/unclechu/node-deep-extend"
"deep-is@0.1.3","MIT","https://github.com/thlorenz/deep-is"
"default-require-extensions@1.0.0","MIT","https://github.com/jamestalmage/default-require-extensions"
"define-properties@1.1.2","MIT","https://github.com/ljharb/define-properties"
"defined@1.0.0","MIT","https://github.com/substack/defined"
"del@2.2.2","MIT","https://github.com/sindresorhus/del"
"delayed-stream@1.0.0","MIT","https://github.com/felixge/node-delayed-stream"
"delegates@1.0.0","MIT","https://github.com/visionmedia/node-delegates"
"depd@1.1.0","MIT","https://github.com/dougwilson/nodejs-depd"
"destroy@1.0.4","MIT","https://github.com/stream-utils/destroy"
"detect-indent@4.0.0","MIT","https://github.com/sindresorhus/detect-indent"
"detect-port@1.0.1","MIT","https://github.com/xudafeng/detect-port"
"diff@3.2.0","BSD-3-Clause","https://github.com/kpdecker/jsdiff"
"doctrine@1.3.0","BSD","https://github.com/eslint/doctrine"
"doctrine@1.5.0","BSD","https://github.com/eslint/doctrine"
"doctrine@2.0.0","Apache-2.0","https://github.com/eslint/doctrine"
"dom-converter@0.1.4","MIT","https://github.com/AriaMinaei/dom-converter"
"dom-serializer@0.1.0","MIT","https://github.com/cheeriojs/dom-renderer"
"dom-storage@2.0.2","Apache*","https://github.com/coolaj86/node-dom-storage"
"domain-browser@1.1.7","MIT","https://github.com/bevry/domain-browser"
"domelementtype@1.1.3","BSD*","https://github.com/FB55/domelementtype"
"domelementtype@1.3.0","BSD*","https://github.com/FB55/domelementtype"
"domhandler@2.1.0","BSD*","https://github.com/fb55/domhandler"
"domutils@1.1.6","BSD*","https://github.com/FB55/domutils"
"domutils@1.5.1","BSD*","https://github.com/FB55/domutils"
"dotenv@2.0.0","BSD-2-Clause","https://github.com/motdotla/dotenv"
"duplexer@0.1.1","MIT","https://github.com/Raynos/duplexer"
"ecc-jsbn@0.1.1","MIT","https://github.com/quartzjer/ecc-jsbn"
"ecdsa-sig-formatter@1.0.9","Apache-2.0","https://github.com/Brightspace/node-ecdsa-sig-formatter"
"ee-first@1.1.1","MIT","https://github.com/jonathanong/ee-first"
"element-class@0.2.2","ISC","https://github.com/maxogden/element-class"
"emojis-list@2.1.0","MIT","https://github.com/kikobeats/emojis-list"
"encodeurl@1.0.1","MIT","https://github.com/pillarjs/encodeurl"
"encoding@0.1.12","MIT","https://github.com/andris9/encoding"
"enhanced-resolve@0.9.1","MIT","https://github.com/webpack/enhanced-resolve"
"entities@1.1.1","BSD*","https://github.com/fb55/node-entities"
"errno@0.1.4","MIT","https://github.com/rvagg/node-errno"
"error-ex@1.3.0","MIT","https://github.com/qix-/node-error-ex"
"es-abstract@1.9.0","MIT","https://github.com/ljharb/es-abstract"
"es-to-primitive@1.1.1","MIT","https://github.com/ljharb/es-to-primitive"
"es5-ext@0.10.12","MIT","https://github.com/medikoo/es5-ext"
"es5-ext@0.10.35","MIT","https://github.com/medikoo/es5-ext"
"es6-iterator@2.0.0","MIT","https://github.com/medikoo/es6-iterator"
"es6-iterator@2.0.3","MIT","https://github.com/medikoo/es6-iterator"
"es6-map@0.1.5","MIT","https://github.com/medikoo/es6-map"
"es6-set@0.1.5","MIT","https://github.com/medikoo/es6-set"
"es6-symbol@3.1.0","MIT","https://github.com/medikoo/es6-symbol"
"es6-symbol@3.1.1","MIT","https://github.com/medikoo/es6-symbol"
"es6-weak-map@2.0.2","MIT","https://github.com/medikoo/es6-weak-map"
"escape-html@1.0.3","MIT","https://github.com/component/escape-html"
"escape-string-regexp@1.0.5","MIT","https://github.com/sindresorhus/escape-string-regexp"
"escodegen@1.8.1","BSD-2-Clause","https://github.com/estools/escodegen"
"escope@3.6.0","BSD-2-Clause","https://github.com/estools/escope"
"eslint-config-react-app@0.5.0","BSD-3-Clause","https://github.com/facebookincubator/create-react-app"
"eslint-import-resolver-node@0.2.3","MIT","https://github.com/benmosher/eslint-plugin-import"
"eslint-loader@1.6.0","MIT","https://github.com/MoOx/eslint-loader"
"eslint-module-utils@1.0.0","MIT","https://github.com/benmosher/eslint-plugin-import"
"eslint-plugin-flowtype@2.21.0","BSD-3-Clause","https://github.com/gajus/eslint-plugin-flowtype"
"eslint-plugin-import@2.0.1","MIT","https://github.com/benmosher/eslint-plugin-import"
"eslint-plugin-jsx-a11y@2.2.3","MIT","https://github.com/evcohen/eslint-plugin-jsx-a11y"
"eslint-plugin-react@6.4.1","MIT","https://github.com/yannickcr/eslint-plugin-react"
"eslint-plugin-react@7.4.0","MIT","https://github.com/yannickcr/eslint-plugin-react"
"eslint-scope@3.7.1","BSD-2-Clause","https://github.com/eslint/eslint-scope"
"eslint@3.8.1","MIT","https://github.com/eslint/eslint"
"eslint@4.9.0","MIT","https://github.com/eslint/eslint"
"espree@3.5.1","BSD-2-Clause","https://github.com/eslint/espree"
"esprima@2.7.3","BSD-2-Clause","https://github.com/jquery/esprima"
"esprima@3.0.0","BSD-2-Clause","https://github.com/jquery/esprima"
"esprima@4.0.0","BSD-2-Clause","https://github.com/jquery/esprima"
"esquery@1.0.0","BSD*","https://github.com/jrfeenst/esquery"
"esrecurse@4.2.0","BSD-2-Clause","https://github.com/estools/esrecurse"
"estraverse@1.9.3","BSD","https://github.com/estools/estraverse"
"estraverse@4.2.0","BSD-2-Clause","https://github.com/estools/estraverse"
"esutils@2.0.2","BSD","https://github.com/estools/esutils"
"etag@1.7.0","MIT","https://github.com/jshttp/etag"
"event-emitter@0.3.5","MIT","https://github.com/medikoo/event-emitter"
"eventemitter3@1.2.0","MIT","https://github.com/primus/eventemitter3"
"events@1.1.1","MIT","https://github.com/Gozala/events"
"eventsource@0.1.6","MIT","https://github.com/aslakhellesoy/eventsource-node"
"exec-sh@0.2.0","MIT","https://github.com/tsertkov/exec-sh"
"exenv@1.2.0","BSD*","https://github.com/JedWatson/exenv"
"exit-hook@1.1.1","MIT","https://github.com/sindresorhus/exit-hook"
"expand-brackets@0.1.5","MIT","https://github.com/jonschlinkert/expand-brackets"
"expand-range@1.8.2","MIT","https://github.com/jonschlinkert/expand-range"
"express@4.14.0","MIT","https://github.com/expressjs/express"
"extend@3.0.0","MIT","https://github.com/justmoon/node-extend"
"external-editor@2.0.5","MIT","https://github.com/mrkmg/node-external-editor"
"extglob@0.3.2","MIT","https://github.com/jonschlinkert/extglob"
"extract-text-webpack-plugin@1.0.1","MIT","https://github.com/webpack/extract-text-webpack-plugin"
"extsprintf@1.0.2","MIT*","https://github.com/davepacheco/node-extsprintf"
"fast-deep-equal@1.0.0","MIT","https://github.com/epoberezkin/fast-deep-equal"
"fast-json-stable-stringify@2.0.0","MIT","https://github.com/epoberezkin/fast-json-stable-stringify"
"fast-levenshtein@2.0.6","MIT","https://github.com/hiddentao/fast-levenshtein"
"fastparse@1.1.1","MIT","https://github.com/webpack/fastparse"
"faye-websocket@0.10.0","MIT","https://github.com/faye/faye-websocket-node"
"faye-websocket@0.11.0","MIT","https://github.com/faye/faye-websocket-node"
"faye-websocket@0.7.3","MIT","https://github.com/faye/faye-websocket-node"
"faye-websocket@0.9.3","MIT","https://github.com/faye/faye-websocket-node"
"fb-watchman@1.9.0","Apache-2.0","https://github.com/facebook/watchman"
"fb-watchman@2.0.0","Apache-2.0","https://github.com/facebook/watchman"
"fbjs@0.8.16","MIT","https://github.com/facebook/fbjs"
"fbjs@0.8.8","BSD-3-Clause","https://github.com/facebook/fbjs"
"figures@1.7.0","MIT","https://github.com/sindresorhus/figures"
"figures@2.0.0","MIT","https://github.com/sindresorhus/figures"
"file-entry-cache@2.0.0","MIT","https://github.com/royriojas/file-entry-cache"
"file-loader@0.9.0","MIT","https://github.com/webpack/file-loader"
"filename-regex@2.0.0","MIT","https://github.com/regexps/filename-regex"
"fileset@2.0.3","MIT","https://github.com/mklabs/node-fileset"
"filesize@3.3.0","BSD-3-Clause","https://github.com/avoidwork/filesize.js"
"fill-range@2.2.3","MIT","https://github.com/jonschlinkert/fill-range"
"finalhandler@0.5.0","MIT","https://github.com/pillarjs/finalhandler"
"find-cache-dir@0.1.1","MIT","https://github.com/jamestalmage/find-cache-dir"
"find-up@1.1.2","MIT","https://github.com/sindresorhus/find-up"
"find-up@2.1.0","MIT","https://github.com/sindresorhus/find-up"
"firebase@3.6.4","Custom: https://firebase.google.com","https://firebase.google.com/"
"flat-cache@1.3.0","MIT","https://github.com/royriojas/flat-cache"
"flatten@1.0.2","MIT","https://github.com/jesusabdullah/node-flatten"
"flow-bin@0.46.0","BSD-3-Clause","https://github.com/flowtype/flow-bin"
"for-in@0.1.6","MIT","https://github.com/jonschlinkert/for-in"
"for-own@0.1.4","MIT","https://github.com/jonschlinkert/for-own"
"foreach@2.0.5","MIT","https://github.com/manuelstofer/foreach"
"forever-agent@0.6.1","Apache-2.0","https://github.com/mikeal/forever-agent"
"form-data@1.0.0-rc4","MIT","https://github.com/form-data/form-data"
"form-data@2.1.2","MIT","https://github.com/form-data/form-data"
"forwarded@0.1.0","MIT","https://github.com/jshttp/forwarded"
"fresh@0.3.0","MIT","https://github.com/jshttp/fresh"
"fs-extra@0.30.0","MIT","https://github.com/jprichardson/node-fs-extra"
"fs.realpath@1.0.0","ISC","https://github.com/isaacs/fs.realpath"
"fsevents@1.0.14","MIT","https://github.com/strongloop/fsevents"
"fsevents@1.0.15","MIT","https://github.com/strongloop/fsevents"
"fstream-ignore@1.0.5","ISC","https://github.com/isaacs/fstream-ignore"
"fstream@1.0.10","ISC","https://github.com/npm/fstream"
"function-bind@1.1.0","MIT","https://github.com/Raynos/function-bind"
"function-bind@1.1.1","MIT","https://github.com/Raynos/function-bind"
"functional-red-black-tree@1.0.1","MIT","https://github.com/mikolalysenko/functional-red-black-tree"
"gauge@2.6.0","ISC","https://github.com/iarna/gauge"
"gauge@2.7.2","ISC","https://github.com/iarna/gauge"
"generate-function@2.0.0","MIT","https://github.com/mafintosh/generate-function"
"generate-object-property@1.2.0","MIT","https://github.com/mafintosh/generate-object-property"
"get-caller-file@1.0.2","ISC","https://github.com/stefanpenner/get-caller-file"
"getpass@0.1.6","MIT","https://github.com/arekinath/node-getpass"
"glob-base@0.3.0","MIT","https://github.com/jonschlinkert/glob-base"
"glob-parent@2.0.0","ISC","https://github.com/es128/glob-parent"
"glob@5.0.15","ISC","https://github.com/isaacs/node-glob"
"glob@7.0.5","ISC","https://github.com/isaacs/node-glob"
"glob@7.1.1","ISC","https://github.com/isaacs/node-glob"
"glob@7.1.2","ISC","https://github.com/isaacs/node-glob"
"globals@10.1.0","MIT","https://github.com/sindresorhus/globals"
"globals@9.14.0","MIT","https://github.com/sindresorhus/globals"
"globals@9.18.0","MIT","https://github.com/sindresorhus/globals"
"globby@5.0.0","MIT","https://github.com/sindresorhus/globby"
"google-maps-infobox@1.1.15","MIT","https://github.com/lucasfs7/google-maps-infobox-module"
"graceful-fs@4.1.11","ISC","https://github.com/isaacs/node-graceful-fs"
"graceful-fs@4.1.4","ISC","https://github.com/isaacs/node-graceful-fs"
"graceful-readlink@1.0.1","MIT","https://github.com/zhiyelee/graceful-readlink"
"growly@1.3.0","MIT","https://github.com/theabraham/growly"
"gzip-size@3.0.0","MIT","https://github.com/sindresorhus/gzip-size"
"handlebars@4.0.6","MIT","https://github.com/wycats/handlebars.js"
"har-validator@2.0.6","ISC","https://github.com/ahmadnassri/har-validator"
"has-ansi@2.0.0","MIT","https://github.com/sindresorhus/has-ansi"
"has-color@0.1.7","MIT","https://github.com/sindresorhus/has-color"
"has-flag@1.0.0","MIT","https://github.com/sindresorhus/has-flag"
"has-flag@2.0.0","MIT","https://github.com/sindresorhus/has-flag"
"has-unicode@2.0.1","ISC","https://github.com/iarna/has-unicode"
"has@1.0.1","MIT","https://github.com/tarruda/has"
"hawk@3.1.3","BSD-3-Clause","https://github.com/hueniverse/hawk"
"he@1.1.0","MIT","https://github.com/mathiasbynens/he"
"history@4.5.1","MIT","https://github.com/mjackson/history"
"history@4.7.2","MIT","https://github.com/ReactTraining/history"
"hoek@2.16.3","BSD-3-Clause","https://github.com/hapijs/hoek"
"hoist-non-react-statics@2.3.1","BSD-3-Clause","https://github.com/mridgway/hoist-non-react-statics"
"home-or-tmp@2.0.0","MIT","https://github.com/sindresorhus/home-or-tmp"
"hosted-git-info@2.1.5","ISC","https://github.com/npm/hosted-git-info"
"html-comment-regex@1.1.1","MIT","https://github.com/stevemao/html-comment-regex"
"html-encoding-sniffer@1.0.1","WTFPL","https://github.com/jsdom/html-encoding-sniffer"
"html-entities@1.2.0","MIT","https://github.com/mdevils/node-html-entities"
"html-minifier@3.2.3","MIT","https://github.com/kangax/html-minifier"
"html-webpack-plugin@2.24.0","MIT","https://github.com/ampedandwired/html-webpack-plugin"
"htmlparser2@3.3.0","MIT","https://github.com/fb55/htmlparser2"
"http-errors@1.5.1","MIT","https://github.com/jshttp/http-errors"
"http-proxy-middleware@0.17.2","MIT","https://github.com/chimurai/http-proxy-middleware"
"http-proxy-middleware@0.17.3","MIT","https://github.com/chimurai/http-proxy-middleware"
"http-proxy@1.16.2","MIT","https://github.com/nodejitsu/node-http-proxy"
"http-signature@1.1.1","MIT","https://github.com/joyent/node-http-signature"
"https-browserify@0.0.1","MIT","https://github.com/substack/https-browserify"
"iconv-lite@0.4.13","MIT","https://github.com/ashtuchkin/iconv-lite"
"iconv-lite@0.4.15","MIT","https://github.com/ashtuchkin/iconv-lite"
"iconv-lite@0.4.19","MIT","https://github.com/ashtuchkin/iconv-lite"
"icss-replace-symbols@1.0.2","ISC","https://github.com/css-modules/icss-replace-symbols"
"ieee754@1.1.8","BSD-3-Clause","https://github.com/feross/ieee754"
"ignore@3.3.6","MIT","https://github.com/kaelzhang/node-ignore"
"immutability-helper@2.4.0","MIT","https://github.com/kolodny/immutability-helper"
"imurmurhash@0.1.4","MIT","https://github.com/jensyt/imurmurhash-js"
"indexes-of@1.0.1","MIT","https://github.com/dominictarr/indexes-of"
"indexof@0.0.1","MIT*",""
"inflight@1.0.5","ISC","https://github.com/npm/inflight"
"inflight@1.0.6","ISC","https://github.com/npm/inflight"
"inherits@2.0.1","ISC","https://github.com/isaacs/inherits"
"inherits@2.0.3","ISC","https://github.com/isaacs/inherits"
"ini@1.3.4","ISC","https://github.com/isaacs/ini"
"inquirer@0.12.0","MIT","https://github.com/sboudrias/Inquirer.js"
"inquirer@3.3.0","MIT","https://github.com/SBoudrias/Inquirer.js"
"interpret@0.6.6","MIT","https://github.com/tkellen/node-interpret"
"invariant@2.2.2","BSD-3-Clause","https://github.com/zertosh/invariant"
"invert-kv@1.0.0","MIT","https://github.com/sindresorhus/invert-kv"
"ipaddr.js@1.1.1","MIT","https://github.com/whitequark/ipaddr.js"
"is-absolute-url@2.1.0","MIT","https://github.com/sindresorhus/is-absolute-url"
"is-arrayish@0.2.1","MIT","https://github.com/qix-/node-is-arrayish"
"is-binary-path@1.0.1","MIT","https://github.com/sindresorhus/is-binary-path"
"is-buffer@1.1.4","MIT","https://github.com/feross/is-buffer"
"is-builtin-module@1.0.0","MIT","https://github.com/sindresorhus/is-builtin-module"
"is-callable@1.1.3","MIT","https://github.com/ljharb/is-callable"
"is-ci@1.0.10","MIT","https://github.com/watson/is-ci"
"is-date-object@1.0.1","MIT","https://github.com/ljharb/is-date-object"
"is-dotfile@1.0.2","MIT","https://github.com/jonschlinkert/is-dotfile"
"is-equal-shallow@0.1.3","MIT","https://github.com/jonschlinkert/is-equal-shallow"
"is-extendable@0.1.1","MIT","https://github.com/jonschlinkert/is-extendable"
"is-extglob@1.0.0","MIT","https://github.com/jonschlinkert/is-extglob"
"is-extglob@2.1.1","MIT","https://github.com/jonschlinkert/is-extglob"
"is-finite@1.0.2","MIT","https://github.com/sindresorhus/is-finite"
"is-fullwidth-code-point@1.0.0","MIT","https://github.com/sindresorhus/is-fullwidth-code-point"
"is-fullwidth-code-point@2.0.0","MIT","https://github.com/sindresorhus/is-fullwidth-code-point"
"is-glob@2.0.1","MIT","https://github.com/jonschlinkert/is-glob"
"is-glob@3.1.0","MIT","https://github.com/jonschlinkert/is-glob"
"is-my-json-valid@2.13.1","MIT","https://github.com/mafintosh/is-my-json-valid"
"is-my-json-valid@2.15.0","MIT","https://github.com/mafintosh/is-my-json-valid"
"is-number@2.1.0","MIT","https://github.com/jonschlinkert/is-number"
"is-path-cwd@1.0.0","MIT","https://github.com/sindresorhus/is-path-cwd"
"is-path-in-cwd@1.0.0","MIT","https://github.com/sindresorhus/is-path-in-cwd"
"is-path-inside@1.0.0","MIT","https://github.com/sindresorhus/is-path-inside"
"is-plain-obj@1.1.0","MIT","https://github.com/sindresorhus/is-plain-obj"
"is-posix-bracket@0.1.1","MIT","https://github.com/jonschlinkert/is-posix-bracket"
"is-primitive@2.0.0","MIT","https://github.com/jonschlinkert/is-primitive"
"is-promise@2.1.0","MIT","https://github.com/then/is-promise"
"is-property@1.0.2","MIT","https://github.com/mikolalysenko/is-property"
"is-regex@1.0.4","MIT","https://github.com/ljharb/is-regex"
"is-resolvable@1.0.0","MIT","https://github.com/shinnn/is-resolvable"
"is-stream@1.1.0","MIT","https://github.com/sindresorhus/is-stream"
"is-svg@2.1.0","MIT","https://github.com/sindresorhus/is-svg"
"is-symbol@1.0.1","MIT","https://github.com/ljharb/is-symbol"
"is-typedarray@1.0.0","MIT","https://github.com/hughsk/is-typedarray"
"is-utf8@0.2.1","MIT","https://github.com/wayfind/is-utf8"
"isarray@0.0.1","MIT","https://github.com/juliangruber/isarray"
"isarray@1.0.0","MIT","https://github.com/juliangruber/isarray"
"isemail@1.2.0","BSD-2-Clause","https://github.com/hapijs/isemail"
"isexe@1.1.2","ISC","https://github.com/isaacs/isexe"
"isexe@2.0.0","ISC","https://github.com/isaacs/isexe"
"isobject@2.1.0","MIT","https://github.com/jonschlinkert/isobject"
"isomorphic-fetch@2.2.1","MIT","https://github.com/matthew-andrews/isomorphic-fetch"
"isstream@0.1.2","MIT","https://github.com/rvagg/isstream"
"istanbul-api@1.1.0","BSD-3-Clause","https://github.com/istanbuljs/istanbul-api"
"istanbul-api@1.1.14","BSD-3-Clause","https://github.com/istanbuljs/istanbuljs"
"istanbul-lib-coverage@1.0.0","BSD-3-Clause","https://github.com/istanbuljs/istanbul-lib-coverage"
"istanbul-lib-coverage@1.1.1","BSD-3-Clause","https://github.com/istanbuljs/istanbuljs"
"istanbul-lib-hook@1.0.0-alpha.4","BSD-3-Clause","https://github.com/istanbuljs/istanbul-lib-hook"
"istanbul-lib-hook@1.0.7","BSD-3-Clause","https://github.com/istanbuljs/istanbuljs"
"istanbul-lib-instrument@1.3.1","BSD-3-Clause","https://github.com/istanbuljs/istanbul-lib-instrument"
"istanbul-lib-instrument@1.8.0","BSD-3-Clause","https://github.com/istanbuljs/istanbuljs"
"istanbul-lib-report@1.0.0-alpha.3","BSD-3-Clause","https://github.com/istanbuljs/istanbul-lib-report"
"istanbul-lib-report@1.1.1","BSD-3-Clause","https://github.com/istanbuljs/istanbuljs"
"istanbul-lib-source-maps@1.1.0","BSD-3-Clause","https://github.com/istanbuljs/istanbul-lib-source-maps"
"istanbul-lib-source-maps@1.2.1","BSD-3-Clause","https://github.com/istanbuljs/istanbuljs"
"istanbul-reports@1.0.0","BSD-3-Clause","https://github.com/istanbuljs/istanbul-reports"
"istanbul-reports@1.1.2","BSD-3-Clause","https://github.com/istanbuljs/istanbuljs"
"istanbul@0.4.5","BSD-3-Clause","https://github.com/gotwarlost/istanbul"
"jest-changed-files@17.0.2","BSD-3-Clause","https://github.com/facebook/jest"
"jest-changed-files@19.0.2","BSD-3-Clause","https://github.com/facebook/jest"
"jest-cli@17.0.3","BSD-3-Clause","https://github.com/facebook/jest"
"jest-cli@19.0.2","BSD-3-Clause","https://github.com/facebook/jest"
"jest-config@17.0.3","BSD-3-Clause","https://github.com/facebook/jest"
"jest-config@19.0.4","BSD-3-Clause","https://github.com/facebook/jest"
"jest-diff@17.0.3","BSD-3-Clause","https://github.com/facebook/jest"
"jest-diff@19.0.0","BSD-3-Clause","https://github.com/facebook/jest"
"jest-environment-jsdom@17.0.2","BSD-3-Clause","https://github.com/facebook/jest"
"jest-environment-jsdom@19.0.2","BSD-3-Clause","https://github.com/facebook/jest"
"jest-environment-node@17.0.2","BSD-3-Clause","https://github.com/facebook/jest"
"jest-environment-node@19.0.2","BSD-3-Clause","https://github.com/facebook/jest"
"jest-file-exists@17.0.0","BSD-3-Clause","https://github.com/facebook/jest"
"jest-file-exists@19.0.0","BSD-3-Clause","https://github.com/facebook/jest"
"jest-haste-map@17.0.3","BSD-3-Clause","https://github.com/facebook/jest"
"jest-haste-map@19.0.2","BSD-3-Clause","https://github.com/facebook/jest"
"jest-jasmine2@17.0.3","BSD-3-Clause","https://github.com/facebook/jest"
"jest-jasmine2@19.0.2","BSD-3-Clause","https://github.com/facebook/jest"
"jest-matcher-utils@17.0.3","BSD-3-Clause","https://github.com/facebook/jest"
"jest-matcher-utils@19.0.0","BSD-3-Clause","https://github.com/facebook/jest"
"jest-matchers@17.0.3","BSD-3-Clause","https://github.com/facebook/jest"
"jest-matchers@19.0.0","BSD-3-Clause","https://github.com/facebook/jest"
"jest-message-util@19.0.0","BSD-3-Clause","https://github.com/facebook/jest"
"jest-mock@17.0.2","BSD-3-Clause","https://github.com/facebook/jest"
"jest-mock@19.0.0","BSD-3-Clause","https://github.com/facebook/jest"
"jest-regex-util@19.0.0","BSD-3-Clause","https://github.com/facebook/jest"
"jest-resolve-dependencies@17.0.3","BSD-3-Clause","https://github.com/facebook/jest"
"jest-resolve-dependencies@19.0.0","BSD-3-Clause","https://github.com/facebook/jest"
"jest-resolve@17.0.3","BSD-3-Clause","https://github.com/facebook/jest"
"jest-resolve@19.0.2","BSD-3-Clause","https://github.com/facebook/jest"
"jest-runtime@17.0.3","BSD-3-Clause","https://github.com/facebook/jest"
"jest-runtime@19.0.4","BSD-3-Clause","https://github.com/facebook/jest"
"jest-snapshot@17.0.3","BSD-3-Clause","https://github.com/facebook/jest"
"jest-snapshot@19.0.2","BSD-3-Clause","https://github.com/facebook/jest"
"jest-util@17.0.2","BSD-3-Clause","https://github.com/facebook/jest"
"jest-util@19.0.2","BSD-3-Clause","https://github.com/facebook/jest"
"jest-validate@19.0.2","BSD-3-Clause","https://github.com/facebook/jest"
"jest@17.0.2","BSD-3-Clause","https://github.com/facebook/jest"
"jest@19.0.2","BSD-3-Clause","https://github.com/facebook/jest"
"jodid25519@1.0.2","MIT","https://github.com/meganz/jodid25519"
"joi@6.10.1","BSD-3-Clause","https://github.com/hapijs/joi"
"js-base64@2.1.9","BSD*","https://github.com/dankogai/js-base64"
"js-tokens@2.0.0","MIT","https://github.com/lydell/js-tokens"
"js-tokens@3.0.1","MIT","https://github.com/lydell/js-tokens"
"js-tokens@3.0.2","MIT","https://github.com/lydell/js-tokens"
"js-yaml@3.10.0","MIT","https://github.com/nodeca/js-yaml"
"js-yaml@3.6.1","MIT","https://github.com/nodeca/js-yaml"
"js-yaml@3.7.0","MIT","https://github.com/nodeca/js-yaml"
"jsbn@0.1.0","BSD*","https://github.com/andyperlitch/jsbn"
"jschardet@1.5.1","LGPL-2.1+","https://github.com/aadsm/jschardet"
"jsdom@9.12.0","MIT","https://github.com/tmpvar/jsdom"
"jsdom@9.9.1","MIT","https://github.com/tmpvar/jsdom"
"jsesc@0.5.0","MIT","https://github.com/mathiasbynens/jsesc"
"jsesc@1.3.0","MIT","https://github.com/mathiasbynens/jsesc"
"json-loader@0.5.4","MIT","https://github.com/webpack/json-loader"
"json-schema-traverse@0.3.1","MIT","https://github.com/epoberezkin/json-schema-traverse"
"json-schema@0.2.2","AFLv2.1,BSD","https://github.com/kriszyp/json-schema"
"json-schema@0.2.3","AFLv2.1,BSD","https://github.com/kriszyp/json-schema"
"json-stable-stringify@1.0.1","MIT","https://github.com/substack/json-stable-stringify"
"json-stringify-safe@5.0.1","ISC","https://github.com/isaacs/json-stringify-safe"
"json3@3.3.2","MIT","https://github.com/bestiejs/json3"
"json5@0.4.0","MIT","https://github.com/aseemk/json5"
"json5@0.5.1","MIT","https://github.com/aseemk/json5"
"jsonfile@2.4.0","MIT","https://github.com/jprichardson/node-jsonfile"
"jsonify@0.0.0","Public Domain","https://github.com/substack/jsonify"
"jsonpointer@2.0.0","MIT","https://github.com/janl/node-jsonpointer"
"jsonpointer@4.0.1","MIT","https://github.com/janl/node-jsonpointer"
"jsonwebtoken@7.1.9","MIT","https://github.com/auth0/node-jsonwebtoken"
"jsprim@1.3.0","MIT","https://github.com/davepacheco/node-jsprim"
"jsprim@1.3.1","MIT","https://github.com/davepacheco/node-jsprim"
"jsx-ast-utils@1.3.5","MIT","https://github.com/evcohen/jsx-ast-utils"
"jsx-ast-utils@2.0.1","MIT","https://github.com/evcohen/jsx-ast-utils"
"jwa@1.1.5","MIT","https://github.com/brianloveswords/node-jwa"
"jws@3.1.4","MIT","https://github.com/brianloveswords/node-jws"
"kind-of@3.1.0","MIT","https://github.com/jonschlinkert/kind-of"
"klaw@1.3.1","MIT","https://github.com/jprichardson/node-klaw"
"lazy-cache@1.0.4","MIT","https://github.com/jonschlinkert/lazy-cache"
"lcid@1.0.0","MIT","https://github.com/sindresorhus/lcid"
"leven@2.1.0","MIT","https://github.com/sindresorhus/leven"
"levn@0.3.0","MIT","https://github.com/gkz/levn"
"load-json-file@1.1.0","MIT","https://github.com/sindresorhus/load-json-file"
"loader-utils@0.2.16","MIT","https://github.com/webpack/loader-utils"
"locate-path@2.0.0","MIT","https://github.com/sindresorhus/locate-path"
"lodash-es@4.17.4","MIT","https://github.com/lodash/lodash"
"lodash._arraycopy@3.0.0","MIT","https://github.com/lodash/lodash"
"lodash._arrayeach@3.0.0","MIT","https://github.com/lodash/lodash"
"lodash._baseassign@3.2.0","MIT","https://github.com/lodash/lodash"
"lodash._baseclone@3.3.0","MIT","https://github.com/lodash/lodash"
"lodash._basecopy@3.0.1","MIT","https://github.com/lodash/lodash"
"lodash._basefor@3.0.3","MIT","https://github.com/lodash/lodash"
"lodash._bindcallback@3.0.1","MIT","https://github.com/lodash/lodash"
"lodash._getnative@3.9.1","MIT","https://github.com/lodash/lodash"
"lodash.assign@4.2.0","MIT","https://github.com/lodash/lodash"
"lodash.camelcase@4.3.0","MIT","https://github.com/lodash/lodash"
"lodash.clonedeep@3.0.2","MIT","https://github.com/lodash/lodash"
"lodash.cond@4.5.2","MIT","https://github.com/lodash/lodash"
"lodash.indexof@4.0.5","MIT","https://github.com/lodash/lodash"
"lodash.isarguments@3.1.0","MIT","https://github.com/lodash/lodash"
"lodash.isarray@3.0.4","MIT","https://github.com/lodash/lodash"
"lodash.keys@3.1.2","MIT","https://github.com/lodash/lodash"
"lodash.once@4.1.1","MIT","https://github.com/lodash/lodash"
"lodash.pickby@4.6.0","MIT","https://github.com/lodash/lodash"
"lodash@4.17.3","MIT","https://github.com/lodash/lodash"
"lodash@4.17.4","MIT","https://github.com/lodash/lodash"
"longest@1.0.1","MIT","https://github.com/jonschlinkert/longest"
"loose-envify@1.3.0","MIT","https://github.com/zertosh/loose-envify"
"loose-envify@1.3.1","MIT","https://github.com/zertosh/loose-envify"
"lower-case@1.1.3","MIT","https://github.com/blakeembrey/lower-case"
"lru-cache@4.0.2","ISC","https://github.com/isaacs/node-lru-cache"
"macaddress@0.2.8","MIT","https://github.com/scravy/node-macaddress"
"makeerror@1.0.11","BSD-3-Clause","https://github.com/daaku/nodejs-makeerror"
"marked-terminal@1.7.0","MIT","https://github.com/mikaelbr/marked-terminal"
"marked@0.3.6","MIT","https://github.com/chjj/marked"
"marker-clusterer-plus@2.1.4","Apache*","https://github.com/mikesaidani/marker-clusterer-plus"
"math-expression-evaluator@1.2.14","MIT","https://github.com/ankit31894/math-expression-evaluator"
"media-typer@0.3.0","MIT","https://github.com/jshttp/media-typer"
"memory-fs@0.2.0","MIT","https://github.com/webpack/memory-fs"
"memory-fs@0.3.0","MIT","https://github.com/webpack/memory-fs"
"memory-fs@0.4.1","MIT","https://github.com/webpack/memory-fs"
"merge-descriptors@1.0.1","MIT","https://github.com/component/merge-descriptors"
"merge@1.2.0","MIT","https://github.com/yeikos/js.merge"
"methods@1.1.2","MIT","https://github.com/jshttp/methods"
"micromatch@2.3.11","MIT","https://github.com/jonschlinkert/micromatch"
"mime-db@1.23.0","MIT","https://github.com/jshttp/mime-db"
"mime-db@1.25.0","MIT","https://github.com/jshttp/mime-db"
"mime-types@2.1.11","MIT","https://github.com/jshttp/mime-types"
"mime-types@2.1.13","MIT","https://github.com/jshttp/mime-types"
"mime@1.2.11","MIT*","https://github.com/broofa/node-mime"
"mime@1.3.4","MIT","https://github.com/broofa/node-mime"
"mimic-fn@1.1.0","MIT","https://github.com/sindresorhus/mimic-fn"
"minimatch@3.0.2","ISC","https://github.com/isaacs/minimatch"
"minimatch@3.0.3","ISC","https://github.com/isaacs/minimatch"
"minimatch@3.0.4","ISC","https://github.com/isaacs/minimatch"
"minimist@0.0.10","MIT","https://github.com/substack/minimist"
"minimist@0.0.8","MIT","https://github.com/substack/minimist"
"minimist@1.2.0","MIT","https://github.com/substack/minimist"
"mkdirp@0.5.1","MIT","https://github.com/substack/node-mkdirp"
"moment-timezone@0.5.13","MIT","https://github.com/moment/moment-timezone"
"moment@2.17.1","MIT","https://github.com/moment/moment"
"ms@0.7.1","MIT*","https://github.com/guille/ms.js"
"ms@0.7.2","MIT","https://github.com/zeit/ms"
"ms@2.0.0","MIT","https://github.com/zeit/ms"
"multimatch@2.1.0","MIT","https://github.com/sindresorhus/multimatch"
"mute-stream@0.0.5","ISC","https://github.com/isaacs/mute-stream"
"mute-stream@0.0.7","ISC","https://github.com/isaacs/mute-stream"
"nan@2.5.0","MIT","https://github.com/nodejs/nan"
"natural-compare@1.4.0","MIT","https://github.com/litejs/natural-compare-lite"
"ncname@1.0.0","MIT","https://github.com/sindresorhus/ncname"
"negotiator@0.6.1","MIT","https://github.com/jshttp/negotiator"
"no-case@2.3.0","MIT","https://github.com/blakeembrey/no-case"
"node-emoji@1.4.3","MIT","https://github.com/omnidan/node-emoji"
"node-fetch@1.6.3","MIT","https://github.com/bitinn/node-fetch"
"node-int64@0.4.0","MIT","https://github.com/broofa/node-int64"
"node-libs-browser@0.7.0","MIT","https://github.com/webpack/node-libs-browser"
"node-notifier@4.6.1","MIT","https://github.com/mikaelbr/node-notifier"
"node-notifier@5.1.2","MIT","https://github.com/mikaelbr/node-notifier"
"node-pre-gyp@0.6.29","BSD-3-Clause","https://github.com/mapbox/node-pre-gyp"
"node-pre-gyp@0.6.32","BSD-3-Clause","https://github.com/mapbox/node-pre-gyp"
"node-uuid@1.4.7","MIT","https://github.com/broofa/node-uuid"
"nopt@3.0.6","ISC","https://github.com/npm/nopt"
"normalize-package-data@2.3.5","BSD-2-Clause","https://github.com/npm/normalize-package-data"
"normalize-path@2.0.1","MIT","https://github.com/jonschlinkert/normalize-path"
"normalize-range@0.1.2","MIT","https://github.com/jamestalmage/normalize-range"
"normalize-url@1.8.0","MIT","https://github.com/sindresorhus/normalize-url"
"npmlog@3.1.2","ISC","https://github.com/npm/npmlog"
"npmlog@4.0.2","ISC","https://github.com/npm/npmlog"
"nth-check@1.0.1","BSD*","https://github.com/fb55/nth-check"
"num2fraction@1.2.2","MIT","https://github.com/yisibl/num2fraction"
"number-is-nan@1.0.0","MIT","https://github.com/sindresorhus/number-is-nan"
"number-is-nan@1.0.1","MIT","https://github.com/sindresorhus/number-is-nan"
"nwmatcher@1.3.9","MIT","https://github.com/dperini/nwmatcher"
"oauth-sign@0.8.2","Apache-2.0","https://github.com/mikeal/oauth-sign"
"object-assign@4.1.0","MIT","https://github.com/sindresorhus/object-assign"
"object-assign@4.1.1","MIT","https://github.com/sindresorhus/object-assign"
"object-keys@1.0.11","MIT","https://github.com/ljharb/object-keys"
"object.omit@2.0.1","MIT","https://github.com/jonschlinkert/object.omit"
"on-finished@2.3.0","MIT","https://github.com/jshttp/on-finished"
"on-headers@1.0.1","MIT","https://github.com/jshttp/on-headers"
"once@1.3.3","ISC","https://github.com/isaacs/once"
"once@1.4.0","ISC","https://github.com/isaacs/once"
"onetime@1.1.0","MIT","https://github.com/sindresorhus/onetime"
"onetime@2.0.1","MIT","https://github.com/sindresorhus/onetime"
"open@0.0.5","MIT","https://github.com/pwnall/node-open"
"opn@4.0.2","MIT","https://github.com/sindresorhus/opn"
"optimist@0.6.1","MIT*","https://github.com/substack/node-optimist"
"optionator@0.8.2","MIT","https://github.com/gkz/optionator"
"original@1.0.0","MIT","https://github.com/unshiftio/original"
"os-browserify@0.2.1","MIT","https://github.com/CoderPuppy/os-browserify"
"os-homedir@1.0.2","MIT","https://github.com/sindresorhus/os-homedir"
"os-locale@1.4.0","MIT","https://github.com/sindresorhus/os-locale"
"os-tmpdir@1.0.2","MIT","https://github.com/sindresorhus/os-tmpdir"
"p-limit@1.1.0","MIT","https://github.com/sindresorhus/p-limit"
"p-locate@2.0.0","MIT","https://github.com/sindresorhus/p-locate"
"pako@0.2.9","MIT","https://github.com/nodeca/pako"
"param-case@2.1.0","MIT","https://github.com/blakeembrey/param-case"
"parse-glob@3.0.4","MIT","https://github.com/jonschlinkert/parse-glob"
"parse-json@2.2.0","MIT","https://github.com/sindresorhus/parse-json"
"parse5@1.5.1","MIT","https://github.com/inikulin/parse5"
"parseurl@1.3.1","MIT","https://github.com/pillarjs/parseurl"
"path-browserify@0.0.0","MIT","https://github.com/substack/path-browserify"
"path-exists@1.0.0","MIT","https://github.com/sindresorhus/path-exists"
"path-exists@2.1.0","MIT","https://github.com/sindresorhus/path-exists"
"path-exists@3.0.0","MIT","https://github.com/sindresorhus/path-exists"
"path-is-absolute@1.0.0","MIT","https://github.com/sindresorhus/path-is-absolute"
"path-is-absolute@1.0.1","MIT","https://github.com/sindresorhus/path-is-absolute"
"path-is-inside@1.0.2","(WTFPL OR MIT)","https://github.com/domenic/path-is-inside"
"path-parse@1.0.5","MIT","https://github.com/jbgutierrez/path-parse"
"path-to-regexp@0.1.7","MIT","https://github.com/component/path-to-regexp"
"path-to-regexp@1.7.0","MIT","https://github.com/pillarjs/path-to-regexp"
"path-type@1.1.0","MIT","https://github.com/sindresorhus/path-type"
"pbkdf2-compat@2.0.1","MIT","https://github.com/dcousens/pbkdf2-compat"
"pify@2.3.0","MIT","https://github.com/sindresorhus/pify"
"pinkie-promise@2.0.1","MIT","https://github.com/floatdrop/pinkie-promise"
"pinkie@2.0.4","MIT","https://github.com/floatdrop/pinkie"
"pkg-dir@1.0.0","MIT","https://github.com/sindresorhus/pkg-dir"
"pkg-up@1.0.0","MIT","https://github.com/sindresorhus/pkg-up"
"pluralize@1.2.1","MIT","https://github.com/blakeembrey/pluralize"
"pluralize@7.0.0","MIT","https://github.com/blakeembrey/pluralize"
"postcss-calc@5.3.1","MIT","https://github.com/postcss/postcss-calc"
"postcss-colormin@2.2.1","MIT","https://github.com/ben-eb/postcss-colormin"
"postcss-convert-values@2.5.0","MIT","https://github.com/ben-eb/postcss-convert-values"
"postcss-discard-comments@2.0.4","MIT","https://github.com/ben-eb/postcss-discard-comments"
"postcss-discard-duplicates@2.0.2","MIT","https://github.com/ben-eb/postcss-discard-duplicates"
"postcss-discard-empty@2.1.0","MIT","https://github.com/ben-eb/postcss-discard-empty"
"postcss-discard-overridden@0.1.1","MIT","https://github.com/Justineo/postcss-discard-overridden"
"postcss-discard-unused@2.2.3","MIT","https://github.com/ben-eb/postcss-discard-unused"
"postcss-filter-plugins@2.0.2","MIT","https://github.com/postcss/postcss-filter-plugins"
"postcss-load-config@1.0.0","MIT","https://github.com/michael-ciniawsky/postcss-load-config"
"postcss-load-options@1.0.2","MIT","https://github.com/michael-ciniawsky/postcss-load-options"
"postcss-load-plugins@2.1.0","MIT","https://github.com/michael-ciniawsky/postcss-load-plugins"
"postcss-loader@1.0.0","MIT","https://github.com/postcss/postcss-loader"
"postcss-merge-idents@2.1.7","MIT","https://github.com/ben-eb/postcss-merge-idents"
"postcss-merge-longhand@2.0.1","MIT","https://github.com/ben-eb/postcss-merge-longhand"
"postcss-merge-rules@2.0.11","MIT","https://github.com/ben-eb/postcss-merge-rules"
"postcss-message-helpers@2.0.0","MIT","https://github.com/MoOx/postcss-message-helpers"
"postcss-minify-font-values@1.0.5","MIT","https://github.com/TrySound/postcss-minify-font-values"
"postcss-minify-gradients@1.0.5","MIT","https://github.com/ben-eb/postcss-minify-gradients"
"postcss-minify-params@1.2.2","MIT","https://github.com/ben-eb/postcss-minify-params"
"postcss-minify-selectors@2.0.7","MIT","https://github.com/ben-eb/postcss-minify-selectors"
"postcss-modules-extract-imports@1.0.1","ISC","https://github.com/css-modules/postcss-modules-extract-imports"
"postcss-modules-local-by-default@1.1.1","MIT","https://github.com/css-modules/postcss-modules-local-by-default"
"postcss-modules-scope@1.0.2","ISC","https://github.com/geelen/postcss-modules-scope"
"postcss-modules-values@1.2.2","ISC","https://github.com/css-modules/postcss-modules-constants"
"postcss-normalize-charset@1.1.1","MIT","https://github.com/ben-eb/postcss-charset"
"postcss-normalize-url@3.0.7","MIT","https://github.com/ben-eb/postcss-normalize-url"
"postcss-ordered-values@2.2.2","MIT","https://github.com/ben-eb/postcss-ordered-values"
"postcss-reduce-idents@2.3.1","MIT","https://github.com/ben-eb/postcss-reduce-idents"
"postcss-reduce-initial@1.0.1","MIT","https://github.com/ben-eb/postcss-reduce-initial"
"postcss-reduce-transforms@1.0.4","MIT","https://github.com/ben-eb/postcss-reduce-transforms"
"postcss-selector-parser@2.2.2","MIT","https://github.com/postcss/postcss-selector-parser"
"postcss-svgo@2.1.6","MIT","https://github.com/ben-eb/postcss-svgo"
"postcss-unique-selectors@2.0.2","MIT","https://github.com/ben-eb/postcss-unique-selectors"
"postcss-value-parser@3.3.0","MIT","https://github.com/TrySound/postcss-value-parser"
"postcss-zindex@2.2.0","MIT","https://github.com/ben-eb/postcss-zindex"
"postcss@5.2.8","MIT","https://github.com/postcss/postcss"
"prelude-ls@1.1.2","MIT","https://github.com/gkz/prelude-ls"
"prepend-http@1.0.4","MIT","https://github.com/sindresorhus/prepend-http"
"preserve@0.2.0","MIT","https://github.com/jonschlinkert/preserve"
"pretty-error@2.0.2","MIT","https://github.com/AriaMinaei/pretty-error"
"pretty-format@19.0.0","BSD-3-Clause","https://github.com/facebook/jest"
"pretty-format@4.2.3","MIT","https://github.com/thejameskyle/pretty-format"
"private@0.1.6","MIT","https://github.com/benjamn/private"
"process-nextick-args@1.0.7","MIT","https://github.com/calvinmetcalf/process-nextick-args"
"process@0.11.9","MIT","https://github.com/shtylman/node-process"
"progress@1.1.8","MIT*","https://github.com/visionmedia/node-progress"
"progress@2.0.0","MIT","https://github.com/visionmedia/node-progress"
"promise@7.1.1","MIT","https://github.com/then/promise"
"prop-types@15.6.0","MIT","https://github.com/reactjs/prop-types"
"proxy-addr@1.1.2","MIT","https://github.com/jshttp/proxy-addr"
"prr@0.0.0","MIT","https://github.com/rvagg/prr"
"pseudomap@1.0.2","ISC","https://github.com/isaacs/pseudomap"
"punycode@1.3.2","MIT","https://github.com/bestiejs/punycode.js"
"punycode@1.4.1","MIT","https://github.com/bestiejs/punycode.js"
"q@1.4.1","MIT","https://github.com/kriskowal/q"
"qs@6.2.0","BSD-3-Clause","https://github.com/ljharb/qs"
"qs@6.3.0","BSD-3-Clause","https://github.com/ljharb/qs"
"query-string@4.2.3","MIT","https://github.com/sindresorhus/query-string"
"querystring-es3@0.2.1","MIT","https://github.com/mike-spainhower/querystring"
"querystring@0.2.0","MIT","https://github.com/Gozala/querystring"
"querystringify@0.0.4","MIT","https://github.com/unshiftio/querystringify"
"randomatic@1.1.6","MIT","https://github.com/jonschlinkert/randomatic"
"range-parser@1.2.0","MIT","https://github.com/jshttp/range-parser"
"rc@1.1.6","(BSD-2-Clause OR MIT OR Apache-2.0)","https://github.com/dominictarr/rc"
"react-addons-shallow-compare@15.4.2","BSD-3-Clause","https://github.com/facebook/react"
"react-dev-utils@0.4.2","BSD-3-Clause","https://github.com/facebookincubator/create-react-app"
"react-display-name@0.2.3","MIT","https://github.com/jurassix/react-display-name"
"react-dom@15.4.1","BSD-3-Clause","https://github.com/facebook/react"
"react-expenses@0.1.0","UNLICENSED",""
"react-google-maps@6.3.0","MIT","https://github.com/tomchentw/react-google-maps"
"react-modal@1.6.5","MIT","https://github.com/reactjs/react-modal"
"react-moment@0.1.3","MIT","https://github.com/headzoo/react-moment"
"react-notification-system-redux@1.1.6","MIT*","https://github.com/gor181/react-notification-system-redux"
"react-notification-system@0.2.15","MIT","https://github.com/igorprado/react-notification-system"
"react-prop-types-element-of-type@2.2.0","MIT","https://github.com/tomchentw/react-prop-types-element-of-type"
"react-redux@5.0.6","MIT","https://github.com/reactjs/react-redux"
"react-router-dom@4.0.0-beta.8","MIT","https://github.com/ReactTraining/react-router"
"react-router@4.2.0","MIT","https://github.com/ReactTraining/react-router"
"react-scripts@0.8.4","BSD-3-Clause","https://github.com/facebookincubator/create-react-app"
"react-test-renderer@15.6.2","MIT","https://github.com/facebook/react"
"react-toggle@2.2.0","MIT","https://github.com/aaronshaf/react-toggle"
"react@15.4.1","BSD-3-Clause","https://github.com/facebook/react"
"read-pkg-up@1.0.1","MIT","https://github.com/sindresorhus/read-pkg-up"
"read-pkg@1.1.0","MIT","https://github.com/sindresorhus/read-pkg"
"readable-stream@1.0.34","MIT","https://github.com/isaacs/readable-stream"
"readable-stream@2.0.6","MIT","https://github.com/nodejs/readable-stream"
"readable-stream@2.1.4","MIT","https://github.com/nodejs/readable-stream"
"readable-stream@2.1.5","MIT","https://github.com/nodejs/readable-stream"
"readable-stream@2.2.2","MIT","https://github.com/nodejs/readable-stream"
"readdirp@2.1.0","MIT","https://github.com/thlorenz/readdirp"
"readline2@1.0.1","MIT","https://github.com/sboudrias/readline2"
"recursive-readdir@2.1.0","MIT","https://github.com/jergason/recursive-readdir"
"redeyed@1.0.1","MIT","https://github.com/thlorenz/redeyed"
"reduce-css-calc@1.3.0","MIT","https://github.com/MoOx/reduce-css-calc"
"reduce-function-call@1.0.2","MIT","https://github.com/MoOx/reduce-function-call"
"redux-logger@2.10.2","MIT","https://github.com/theaqua/redux-logger"
"redux-thunk@2.2.0","MIT","https://github.com/gaearon/redux-thunk"
"redux@3.7.2","MIT","https://github.com/reactjs/redux"
"regenerate@1.3.2","MIT","https://github.com/mathiasbynens/regenerate"
"regenerator-runtime@0.10.1","MIT","https://github.com/facebook/regenerator/tree/master/packages/regenerator-runtime"
"regenerator-runtime@0.11.0","MIT","https://github.com/facebook/regenerator/tree/master/packages/regenerator-runtime"
"regenerator-runtime@0.9.6","MIT","https://github.com/facebook/regenerator/tree/master/packages/regenerator-runtime"
"regenerator-transform@0.10.1","BSD*","https://github.com/facebook/regenerator/tree/master/packages/regenerator-transform"
"regenerator-transform@0.9.8","BSD*","https://github.com/facebook/regenerator/tree/master/packages/regenerator-transform"
"regex-cache@0.4.3","MIT","https://github.com/jonschlinkert/regex-cache"
"regexpu-core@1.0.0","MIT","https://github.com/mathiasbynens/regexpu-core"
"regexpu-core@2.0.0","MIT","https://github.com/mathiasbynens/regexpu-core"
"regjsgen@0.2.0","MIT","https://github.com/d10/regjsgen"
"regjsparser@0.1.5","BSD*","https://github.com/jviereck/regjsparser"
"relateurl@0.2.7","MIT","https://github.com/stevenvachon/relateurl"
"renderkid@2.0.0","MIT","https://github.com/AriaMinaei/RenderKid"
"repeat-element@1.1.2","MIT","https://github.com/jonschlinkert/repeat-element"
"repeat-string@1.6.1","MIT","https://github.com/jonschlinkert/repeat-string"
"repeating@2.0.1","MIT","https://github.com/sindresorhus/repeating"
"request@2.73.0","Apache-2.0","https://github.com/request/request"
"request@2.79.0","Apache-2.0","https://github.com/request/request"
"require-directory@2.1.1","MIT","https://github.com/troygoode/node-require-directory"
"require-from-string@1.2.1","MIT","https://github.com/floatdrop/require-from-string"
"require-main-filename@1.0.1","ISC","https://github.com/yargs/require-main-filename"
"require-uncached@1.0.3","MIT","https://github.com/sindresorhus/require-uncached"
"requires-port@1.0.0","MIT","https://github.com/unshiftio/requires-port"
"resolve-from@1.0.1","MIT","https://github.com/sindresorhus/resolve-from"
"resolve-pathname@2.0.2","MIT","https://github.com/mjackson/resolve-pathname"
"resolve-pathname@2.2.0","MIT","https://github.com/mjackson/resolve-pathname"
"resolve@1.1.7","MIT","https://github.com/substack/node-resolve"
"resolve@1.2.0","MIT","https://github.com/substack/node-resolve"
"resolve@1.4.0","MIT","https://github.com/substack/node-resolve"
"restore-cursor@1.0.1","MIT","https://github.com/sindresorhus/restore-cursor"
"restore-cursor@2.0.0","MIT","https://github.com/sindresorhus/restore-cursor"
"right-align@0.1.3","MIT","https://github.com/jonschlinkert/right-align"
"rimraf@2.5.3","ISC","https://github.com/isaacs/rimraf"
"rimraf@2.5.4","ISC","https://github.com/isaacs/rimraf"
"rimraf@2.6.2","ISC","https://github.com/isaacs/rimraf"
"ripemd160@0.2.0","Custom: https://code.google.com/p/crypto-js/","https://github.com/cryptocoinjs/ripemd160"
"rsvp@3.2.1","MIT","https://github.com/tildeio/rsvp.js"
"run-async@0.1.0","MIT","https://github.com/SBoudrias/run-async"
"run-async@2.3.0","MIT","https://github.com/sboudrias/run-async"
"rx-lite-aggregates@4.0.8","Apache License, Version 2.0","https://github.com/Reactive-Extensions/RxJS"
"rx-lite@3.1.2","Apache License, Version 2.0","https://github.com/Reactive-Extensions/RxJS"
"rx-lite@4.0.8","Apache License, Version 2.0","https://github.com/Reactive-Extensions/RxJS"
"safe-buffer@5.0.1","MIT","https://github.com/feross/safe-buffer"
"sane@1.4.1","MIT","https://github.com/amasad/sane"
"sane@1.5.0","MIT","https://github.com/amasad/sane"
"sax@1.2.1","ISC","https://github.com/isaacs/sax-js"
"sax@1.2.4","ISC","https://github.com/isaacs/sax-js"
"scriptjs@2.5.8","Custom: http://example.com/base.js","https://github.com/ded/script.js"
"semver@5.2.0","ISC","https://github.com/npm/node-semver"
"semver@5.3.0","ISC","https://github.com/npm/node-semver"
"send@0.14.1","MIT","https://github.com/pillarjs/send"
"serve-index@1.8.0","MIT","https://github.com/expressjs/serve-index"
"serve-static@1.11.1","MIT","https://github.com/expressjs/serve-static"
"set-blocking@2.0.0","ISC","https://github.com/yargs/set-blocking"
"set-immediate-shim@1.0.1","MIT","https://github.com/sindresorhus/set-immediate-shim"
"setimmediate@1.0.5","MIT","https://github.com/YuzuJS/setImmediate"
"setprototypeof@1.0.2","ISC","https://github.com/wesleytodd/setprototypeof"
"sha.js@2.2.6","MIT","https://github.com/dominictarr/sha.js"
"shebang-command@1.2.0","MIT","https://github.com/kevva/shebang-command"
"shebang-regex@1.0.0","MIT","https://github.com/sindresorhus/shebang-regex"
"shelljs@0.6.1","BSD-3-Clause","https://github.com/shelljs/shelljs"
"shellwords@0.1.0","MIT*","https://github.com/jimmycuadra/shellwords"
"signal-exit@3.0.0","ISC","https://github.com/tapjs/signal-exit"
"signal-exit@3.0.2","ISC","https://github.com/tapjs/signal-exit"
"slash@1.0.0","MIT","https://github.com/sindresorhus/slash"
"slice-ansi@0.0.4","MIT","https://github.com/chalk/slice-ansi"
"slice-ansi@1.0.0","MIT","https://github.com/chalk/slice-ansi"
"sntp@1.0.9","BSD","https://github.com/hueniverse/sntp"
"sockjs-client@1.0.3","MIT","https://github.com/sockjs/sockjs-client"
"sockjs-client@1.1.1","MIT","https://github.com/sockjs/sockjs-client"
"sockjs@0.3.18","MIT","https://github.com/sockjs/sockjs-node"
"sort-keys@1.1.2","MIT","https://github.com/sindresorhus/sort-keys"
"source-list-map@0.1.7","MIT","https://github.com/webpack/source-list-map"
"source-map-support@0.4.8","MIT","https://github.com/evanw/node-source-map-support"
"source-map@0.2.0","BSD","https://github.com/mozilla/source-map"
"source-map@0.4.4","BSD-3-Clause","https://github.com/mozilla/source-map"
"source-map@0.5.6","BSD-3-Clause","https://github.com/mozilla/source-map"
"spdx-correct@1.0.2","Apache-2.0","https://github.com/kemitchell/spdx-correct.js"
"spdx-expression-parse@1.0.4","(MIT AND CC-BY-3.0)","https://github.com/kemitchell/spdx-expression-parse.js"
"spdx-license-ids@1.2.2","Unlicense","https://github.com/shinnn/spdx-license-ids"
"sprintf-js@1.0.3","BSD-3-Clause","https://github.com/alexei/sprintf.js"
"sshpk@1.10.1","MIT","https://github.com/arekinath/node-sshpk"
"sshpk@1.8.3","MIT","https://github.com/arekinath/node-sshpk"
"statuses@1.3.1","MIT","https://github.com/jshttp/statuses"
"stream-browserify@2.0.1","MIT","https://github.com/substack/stream-browserify"
"stream-cache@0.0.2","MIT*","https://github.com/felixge/node-stream-cache"
"stream-http@2.5.0","MIT","https://github.com/jhiesey/stream-http"
"strict-uri-encode@1.1.0","MIT","https://github.com/kevva/strict-uri-encode"
"string-length@1.0.1","MIT","https://github.com/sindresorhus/string-length"
"string-width@1.0.1","MIT","https://github.com/sindresorhus/string-width"
"string-width@1.0.2","MIT","https://github.com/sindresorhus/string-width"
"string-width@2.1.1","MIT","https://github.com/sindresorhus/string-width"
"string.prototype.codepointat@0.2.0","MIT","https://github.com/mathiasbynens/String.prototype.codePointAt"
"string_decoder@0.10.31","MIT","https://github.com/rvagg/string_decoder"
"stringstream@0.0.5","MIT","https://github.com/mhart/StringStream"
"strip-ansi@3.0.1","MIT","https://github.com/chalk/strip-ansi"
"strip-ansi@4.0.0","MIT","https://github.com/chalk/strip-ansi"
"strip-bom@2.0.0","MIT","https://github.com/sindresorhus/strip-bom"
"strip-bom@3.0.0","MIT","https://github.com/sindresorhus/strip-bom"
"strip-json-comments@1.0.4","MIT","https://github.com/sindresorhus/strip-json-comments"
"strip-json-comments@2.0.1","MIT","https://github.com/sindresorhus/strip-json-comments"
"style-loader@0.13.1","MIT","https://github.com/webpack/style-loader"
"supports-color@0.2.0","MIT","https://github.com/sindresorhus/supports-color"
"supports-color@2.0.0","MIT","https://github.com/chalk/supports-color"
"supports-color@3.1.2","MIT","https://github.com/chalk/supports-color"
"supports-color@4.5.0","MIT","https://github.com/chalk/supports-color"
"svgo@0.7.1","MIT","https://github.com/svg/svgo"
"symbol-observable@1.0.4","MIT","https://github.com/blesh/symbol-observable"
"symbol-tree@3.2.1","MIT","https://github.com/jsdom/js-symbol-tree"
"symbol-tree@3.2.2","MIT","https://github.com/jsdom/js-symbol-tree"
"table@3.8.3","BSD-3-Clause","https://github.com/gajus/table"
"table@4.0.2","BSD-3-Clause","https://github.com/gajus/table"
"tapable@0.1.10","MIT","https://github.com/webpack/tapable"
"tar-pack@3.1.4","BSD-2-Clause","https://github.com/ForbesLindesay/tar-pack"
"tar-pack@3.3.0","BSD-2-Clause","https://github.com/ForbesLindesay/tar-pack"
"tar@2.2.1","ISC","https://github.com/isaacs/node-tar"
"test-exclude@2.1.3","ISC","https://github.com/istanbuljs/test-exclude"
"test-exclude@3.3.0","ISC","https://github.com/istanbuljs/test-exclude"
"test-exclude@4.1.1","ISC","https://github.com/istanbuljs/istanbuljs"
"text-table@0.2.0","MIT","https://github.com/substack/text-table"
"throat@3.0.0","MIT","https://github.com/ForbesLindesay/throat"
"through@2.3.8","MIT","https://github.com/dominictarr/through"
"timers-browserify@2.0.2","MIT","https://github.com/jryans/timers-browserify"
"tmp@0.0.33","MIT","https://github.com/raszi/node-tmp"
"tmpl@1.0.4","BSD-3-Clause","https://github.com/daaku/nodejs-tmpl"
"to-arraybuffer@1.0.1","MIT","https://github.com/jhiesey/to-arraybuffer"
"to-fast-properties@1.0.2","MIT","https://github.com/sindresorhus/to-fast-properties"
"to-fast-properties@1.0.3","MIT","https://github.com/sindresorhus/to-fast-properties"
"to-fast-properties@2.0.0","MIT","https://github.com/sindresorhus/to-fast-properties"
"topo@1.1.0","BSD-3-Clause","https://github.com/hapijs/topo"
"toposort@1.0.0","MIT","https://github.com/marcelklehr/toposort"
"tough-cookie@2.2.2","BSD-3-Clause","https://github.com/SalesforceEng/tough-cookie"
"tough-cookie@2.3.2","BSD-3-Clause","https://github.com/salesforce/tough-cookie"
"tough-cookie@2.3.3","BSD-3-Clause","https://github.com/salesforce/tough-cookie"
"tr46@0.0.3","MIT","https://github.com/Sebmaster/tr46.js"
"tryit@1.0.3","MIT","https://github.com/HenrikJoreteg/tryit"
"tty-browserify@0.0.0","MIT","https://github.com/substack/tty-browserify"
"tunnel-agent@0.4.3","Apache-2.0","https://github.com/mikeal/tunnel-agent"
"tweetnacl@0.13.3","Public Domain","https://github.com/dchest/tweetnacl-js"
"tweetnacl@0.14.5","Unlicense","https://github.com/dchest/tweetnacl-js"
"type-check@0.3.2","MIT","https://github.com/gkz/type-check"
"type-is@1.6.14","MIT","https://github.com/jshttp/type-is"
"typedarray@0.0.6","MIT","https://github.com/substack/typedarray"
"ua-parser-js@0.7.12","(GPL-2.0 OR MIT)","https://github.com/faisalman/ua-parser-js"
"uglify-js@2.7.5","BSD-2-Clause","https://github.com/mishoo/UglifyJS2"
"uglify-to-browserify@1.0.2","MIT","https://github.com/ForbesLindesay/uglify-to-browserify"
"uid-number@0.0.6","ISC","https://github.com/isaacs/uid-number"
"uniq@1.0.1","MIT","https://github.com/mikolalysenko/uniq"
"uniqid@4.1.0","MIT","https://github.com/adamhalasz/uniqid"
"uniqs@2.0.0","MIT","https://github.com/fgnass/uniqs"
"unpipe@1.0.0","MIT","https://github.com/stream-utils/unpipe"
"upper-case@1.1.3","MIT","https://github.com/blakeembrey/upper-case"
"url-loader@0.5.7","MIT","https://github.com/webpack/url-loader"
"url-parse@1.0.5","MIT","https://github.com/unshiftio/url-parse"
"url-parse@1.1.7","MIT","https://github.com/unshiftio/url-parse"
"url@0.11.0","MIT","https://github.com/defunctzombie/node-url"
"user-home@2.0.0","MIT","https://github.com/sindresorhus/user-home"
"util-deprecate@1.0.2","MIT","https://github.com/TooTallNate/util-deprecate"
"util@0.10.3","MIT","https://github.com/defunctzombie/node-util"
"utila@0.3.3","MIT","https://github.com/AriaMinaei/utila"
"utila@0.4.0","MIT","https://github.com/AriaMinaei/utila"
"utils-merge@1.0.0","MIT","https://github.com/jaredhanson/utils-merge"
"uuid@2.0.3","MIT","https://github.com/defunctzombie/node-uuid"
"uuid@3.0.1","MIT","https://github.com/kelektiv/node-uuid"
"validate-npm-package-license@3.0.1","Apache-2.0","https://github.com/kemitchell/validate-npm-package-license.js"
"value-equal@0.2.0","MIT","https://github.com/mjackson/value-equal"
"value-equal@0.4.0","MIT","https://github.com/mjackson/value-equal"
"vary@1.1.0","MIT","https://github.com/jshttp/vary"
"vendors@1.0.1","MIT","https://github.com/wooorm/vendors"
"verror@1.3.6","MIT*","https://github.com/davepacheco/node-verror"
"vm-browserify@0.0.4","MIT","https://github.com/substack/vm-browserify"
"walker@1.0.7","Apache-2.0","https://github.com/daaku/nodejs-walker"
"warning@3.0.0","BSD-3-Clause","https://github.com/BerkeleyTrue/warning"
"watch@0.10.0","Apache*","https://github.com/mikeal/watch"
"watchpack@0.2.9","MIT","https://github.com/webpack/watchpack"
"webidl-conversions@3.0.1","BSD-2-Clause","https://github.com/jsdom/webidl-conversions"
"webidl-conversions@4.0.2","BSD-2-Clause","https://github.com/jsdom/webidl-conversions"
"webpack-core@0.6.9","MIT","https://github.com/webpack/core"
"webpack-dev-middleware@1.9.0","MIT","https://github.com/webpack/webpack-dev-middleware"
"webpack-dev-server@1.16.2","MIT","https://github.com/webpack/webpack-dev-server"
"webpack-manifest-plugin@1.1.0","MIT","https://github.com/danethurber/webpack-manifest-plugin"
"webpack-sources@0.1.3","MIT","https://github.com/webpack/webpack-sources"
"webpack@1.14.0","MIT","https://github.com/webpack/webpack"
"websocket-driver@0.6.5","MIT","https://github.com/faye/websocket-driver-node"
"websocket-extensions@0.1.1","MIT","https://github.com/faye/websocket-extensions-node"
"whatwg-encoding@1.0.1","WTFPL","https://github.com/jsdom/whatwg-encoding"
"whatwg-fetch@1.0.0","MIT","https://github.com/github/fetch"
"whatwg-fetch@2.0.1","MIT","https://github.com/github/fetch"
"whatwg-url@4.1.1","MIT","https://github.com/jsdom/whatwg-url"
"whatwg-url@4.8.0","MIT","https://github.com/jsdom/whatwg-url"
"whet.extend@0.9.9","MIT","https://github.com/Meettya/whet.extend"
"which-module@1.0.0","ISC","https://github.com/nexdrew/which-module"
"which@1.2.12","ISC","https://github.com/isaacs/node-which"
"which@1.3.0","ISC","https://github.com/isaacs/node-which"
"wide-align@1.1.0","ISC","https://github.com/iarna/wide-align"
"window-size@0.1.0","MIT","https://github.com/jonschlinkert/window-size"
"window-size@0.2.0","MIT","https://github.com/jonschlinkert/window-size"
"wordwrap@0.0.2","MIT*","https://github.com/substack/node-wordwrap"
"wordwrap@0.0.3","MIT","https://github.com/substack/node-wordwrap"
"wordwrap@1.0.0","MIT","https://github.com/substack/node-wordwrap"
"worker-farm@1.3.1","MIT","https://github.com/rvagg/node-worker-farm"
"wrap-ansi@2.1.0","MIT","https://github.com/chalk/wrap-ansi"
"wrappy@1.0.2","ISC","https://github.com/npm/wrappy"
"write@0.2.1","MIT","https://github.com/jonschlinkert/write"
"xml-char-classes@1.0.0","MIT","https://github.com/sindresorhus/xml-char-classes"
"xml-name-validator@2.0.1","WTFPL","https://github.com/jsdom/xml-name-validator"
"xmlhttprequest@1.8.0","MIT","https://github.com/driverdan/node-XMLHttpRequest"
"xtend@4.0.1","MIT","https://github.com/Raynos/xtend"
"y18n@3.2.1","ISC","https://github.com/yargs/y18n"
"yallist@2.0.0","ISC","https://github.com/isaacs/yallist"
"yargs-parser@4.2.0","ISC","https://github.com/yargs/yargs-parser"
"yargs@3.10.0","MIT","https://github.com/bcoe/yargs"
"yargs@6.5.0","MIT","https://github.com/yargs/yargs"
